ICD_COUNTRY,ICDDIAGNOSISCODE,Mechanism,Intent,TraumaType,HIERARCHY
US,V21.9XXA,MVT Motorcyclist,Unintentional,Blunt,
US,V22.0XXA,MVT Other,Unintentional,Blunt,
US,V22.1XXA,MVT Other,Unintentional,Blunt,
US,V22.2XXA,MVT Other,Unintentional,Blunt,
US,V22.3XXA,MVT Motorcyclist,Unintentional,Blunt,
US,V22.4XXA,MVT Motorcyclist,Unintentional,Blunt,
US,V22.5XXA,MVT Motorcyclist,Unintentional,Blunt,
US,V22.9XXA,MVT Motorcyclist,Unintentional,Blunt,
US,V23.0XXA,MVT Other,Unintentional,Blunt,
US,V23.1XXA,MVT Other,Unintentional,Blunt,
US,V23.2XXA,MVT Other,Unintentional,Blunt,
US,V23.3XXA,MVT Motorcyclist,Unintentional,Blunt,
US,V23.4XXA,MVT Motorcyclist,Unintentional,Blunt,
US,V23.5XXA,MVT Motorcyclist,Unintentional,Blunt,
US,V23.9XXA,MVT Motorcyclist,Unintentional,Blunt,
US,V24.0XXA,MVT Other,Unintentional,Blunt,
US,V24.1XXA,MVT Other,Unintentional,Blunt,
US,V24.2XXA,MVT Other,Unintentional,Blunt,
US,V24.3XXA,MVT Motorcyclist,Unintentional,Blunt,
US,V24.4XXA,MVT Motorcyclist,Unintentional,Blunt,
US,V24.5XXA,MVT Motorcyclist,Unintentional,Blunt,
US,V24.9XXA,MVT Motorcyclist,Unintentional,Blunt,
US,V25.0XXA,MVT Other,Unintentional,Blunt,
US,V25.1XXA,MVT Other,Unintentional,Blunt,
US,V25.2XXA,MVT Other,Unintentional,Blunt,
US,V25.3XXA,MVT Motorcyclist,Unintentional,Blunt,
US,V25.4XXA,MVT Motorcyclist,Unintentional,Blunt,
US,V25.5XXA,MVT Motorcyclist,Unintentional,Blunt,
US,V25.9XXA,MVT Motorcyclist,Unintentional,Blunt,
US,V26.0XXA,MVT Other,Unintentional,Blunt,
US,V26.1XXA,MVT Other,Unintentional,Blunt,
US,V26.2XXA,MVT Other,Unintentional,Blunt,
US,V26.3XXA,MVT Motorcyclist,Unintentional,Blunt,
US,V26.4XXA,MVT Motorcyclist,Unintentional,Blunt,
US,V26.5XXA,MVT Motorcyclist,Unintentional,Blunt,
US,V26.9XXA,MVT Motorcyclist,Unintentional,Blunt,
US,V27.0XXA,MVT Other,Unintentional,Blunt,
US,V27.1XXA,MVT Other,Unintentional,Blunt,
US,V27.2XXA,MVT Other,Unintentional,Blunt,
US,V27.3XXA,MVT Motorcyclist,Unintentional,Blunt,
US,V27.4XXA,MVT Motorcyclist,Unintentional,Blunt,
US,V27.5XXA,MVT Motorcyclist,Unintentional,Blunt,
US,V27.9XXA,MVT Motorcyclist,Unintentional,Blunt,
US,V28.0XXA,MVT Other,Unintentional,Blunt,
US,V28.1XXA,MVT Other,Unintentional,Blunt,
US,V28.2XXA,MVT Other,Unintentional,Blunt,
US,V28.3XXA,MVT Motorcyclist,Unintentional,Blunt,
US,V28.4XXA,MVT Motorcyclist,Unintentional,Blunt,
US,V28.5XXA,MVT Motorcyclist,Unintentional,Blunt,
US,V28.9XXA,MVT Motorcyclist,Unintentional,Blunt,
US,V29.00XA,MVT Other,Unintentional,Blunt,
US,V29.09XA,MVT Other,Unintentional,Blunt,
US,V29.10XA,MVT Other,Unintentional,Blunt,
US,V29.19XA,MVT Other,Unintentional,Blunt,
US,V29.20XA,MVT Other,Unintentional,Blunt,
US,V29.29XA,MVT Other,Unintentional,Blunt,
US,V29.3XXA,MVT Other,Unintentional,Blunt,
US,V29.40XA,MVT Motorcyclist,Unintentional,Blunt,
US,V29.49XA,MVT Motorcyclist,Unintentional,Blunt,
US,V29.50XA,MVT Motorcyclist,Unintentional,Blunt,
US,V29.59XA,MVT Motorcyclist,Unintentional,Blunt,
US,V29.60XA,MVT Motorcyclist,Unintentional,Blunt,
US,V29.69XA,MVT Motorcyclist,Unintentional,Blunt,
US,V29.81XA,MVT Motorcyclist,Unintentional,Blunt,
US,V29.88XA,MVT Motorcyclist,Unintentional,Blunt,
US,V29.9XXA,MVT Motorcyclist,Unintentional,Blunt,
US,V30.0XXA,MVT Other,Unintentional,Blunt,
US,V30.1XXA,MVT Other,Unintentional,Blunt,
US,V30.2XXA,MVT Other,Unintentional,Blunt,
US,V30.3XXA,MVT Other,Unintentional,Blunt,
US,V30.4XXA,MVT Occupant,Unintentional,Blunt,
US,V30.5XXA,MVT Occupant,Unintentional,Blunt,
US,V30.6XXA,MVT Occupant,Unintentional,Blunt,
US,V30.7XXA,MVT Occupant,Unintentional,Blunt,
US,V30.9XXA,MVT Occupant,Unintentional,Blunt,
US,V31.0XXA,MVT Other,Unintentional,Blunt,
US,V31.1XXA,MVT Other,Unintentional,Blunt,
US,V31.2XXA,MVT Other,Unintentional,Blunt,
US,V31.3XXA,MVT Other,Unintentional,Blunt,
US,V31.4XXA,MVT Occupant,Unintentional,Blunt,
US,V31.5XXA,MVT Occupant,Unintentional,Blunt,
US,V31.6XXA,MVT Occupant,Unintentional,Blunt,
US,V31.7XXA,MVT Occupant,Unintentional,Blunt,
US,V31.9XXA,MVT Occupant,Unintentional,Blunt,
US,V32.0XXA,MVT Other,Unintentional,Blunt,
US,V32.1XXA,MVT Other,Unintentional,Blunt,
US,V32.2XXA,MVT Other,Unintentional,Blunt,
US,V32.3XXA,MVT Other,Unintentional,Blunt,
US,V32.4XXA,MVT Occupant,Unintentional,Blunt,
US,V32.5XXA,MVT Occupant,Unintentional,Blunt,
US,V32.6XXA,MVT Occupant,Unintentional,Blunt,
US,V32.7XXA,MVT Occupant,Unintentional,Blunt,
US,V32.9XXA,MVT Occupant,Unintentional,Blunt,
US,V33.0XXA,MVT Other,Unintentional,Blunt,
US,V33.1XXA,MVT Other,Unintentional,Blunt,
US,V33.2XXA,MVT Other,Unintentional,Blunt,
US,V33.3XXA,MVT Other,Unintentional,Blunt,
US,V33.4XXA,MVT Occupant,Unintentional,Blunt,
US,V33.5XXA,MVT Occupant,Unintentional,Blunt,
US,V33.6XXA,MVT Occupant,Unintentional,Blunt,
US,V33.7XXA,MVT Occupant,Unintentional,Blunt,
US,V33.9XXA,MVT Occupant,Unintentional,Blunt,
US,V34.0XXA,MVT Other,Unintentional,Blunt,
US,V34.1XXA,MVT Other,Unintentional,Blunt,
US,V34.2XXA,MVT Other,Unintentional,Blunt,
US,V34.3XXA,MVT Other,Unintentional,Blunt,
US,V34.4XXA,MVT Occupant,Unintentional,Blunt,
US,V34.5XXA,MVT Occupant,Unintentional,Blunt,
US,V34.6XXA,MVT Occupant,Unintentional,Blunt,
US,V34.7XXA,MVT Occupant,Unintentional,Blunt,
US,V34.9XXA,MVT Occupant,Unintentional,Blunt,
US,V35.0XXA,MVT Other,Unintentional,Blunt,
US,V35.1XXA,MVT Other,Unintentional,Blunt,
US,V35.2XXA,MVT Other,Unintentional,Blunt,
US,V35.3XXA,MVT Other,Unintentional,Blunt,
US,V35.4XXA,MVT Occupant,Unintentional,Blunt,
US,V35.5XXA,MVT Occupant,Unintentional,Blunt,
US,V35.6XXA,MVT Occupant,Unintentional,Blunt,
US,V35.7XXA,MVT Occupant,Unintentional,Blunt,
US,V35.9XXA,MVT Occupant,Unintentional,Blunt,
US,V36.0XXA,MVT Other,Unintentional,Blunt,
US,V36.1XXA,MVT Other,Unintentional,Blunt,
US,V36.2XXA,MVT Other,Unintentional,Blunt,
US,V36.3XXA,MVT Other,Unintentional,Blunt,
US,V36.4XXA,MVT Occupant,Unintentional,Blunt,
US,V36.5XXA,MVT Occupant,Unintentional,Blunt,
US,V36.6XXA,MVT Occupant,Unintentional,Blunt,
US,V36.7XXA,MVT Occupant,Unintentional,Blunt,
US,V36.9XXA,MVT Occupant,Unintentional,Blunt,
US,V37.0XXA,MVT Other,Unintentional,Blunt,
US,V37.1XXA,MVT Other,Unintentional,Blunt,
US,V37.2XXA,MVT Other,Unintentional,Blunt,
US,V37.3XXA,MVT Other,Unintentional,Blunt,
US,V37.4XXA,MVT Occupant,Unintentional,Blunt,
US,V37.5XXA,MVT Occupant,Unintentional,Blunt,
US,V37.6XXA,MVT Occupant,Unintentional,Blunt,
US,V37.7XXA,MVT Occupant,Unintentional,Blunt,
US,V37.9XXA,MVT Occupant,Unintentional,Blunt,
US,V38.0XXA,MVT Other,Unintentional,Blunt,
US,V38.1XXA,MVT Other,Unintentional,Blunt,
US,V38.2XXA,MVT Other,Unintentional,Blunt,
US,V38.3XXA,MVT Other,Unintentional,Blunt,
US,V38.4XXA,MVT Occupant,Unintentional,Blunt,
US,V38.5XXA,MVT Occupant,Unintentional,Blunt,
US,V38.6XXA,MVT Occupant,Unintentional,Blunt,
US,V38.7XXA,MVT Occupant,Unintentional,Blunt,
US,V38.9XXA,MVT Occupant,Unintentional,Blunt,
US,V39.00XA,MVT Other,Unintentional,Blunt,
US,V39.09XA,MVT Other,Unintentional,Blunt,
US,V39.10XA,MVT Other,Unintentional,Blunt,
US,V39.19XA,MVT Other,Unintentional,Blunt,
US,V39.20XA,MVT Other,Unintentional,Blunt,
US,Y36.320A,Other Specified and Classifiable,Other,Blunt,
US,V54.7XXA,MVT Occupant,Unintentional,Blunt,
US,V54.9XXA,MVT Occupant,Unintentional,Blunt,
US,V55.0XXA,MVT Other,Unintentional,Blunt,
US,V55.1XXA,MVT Other,Unintentional,Blunt,
US,V55.2XXA,MVT Other,Unintentional,Blunt,
US,V55.3XXA,MVT Other,Unintentional,Blunt,
US,V55.4XXA,MVT Occupant,Unintentional,Blunt,
US,V55.5XXA,MVT Occupant,Unintentional,Blunt,
US,V55.6XXA,MVT Occupant,Unintentional,Blunt,
US,V55.7XXA,MVT Occupant,Unintentional,Blunt,
US,V55.9XXA,MVT Occupant,Unintentional,Blunt,
US,V56.0XXA,MVT Other,Unintentional,Blunt,
US,V56.1XXA,MVT Other,Unintentional,Blunt,
US,V56.2XXA,MVT Other,Unintentional,Blunt,
US,V56.3XXA,MVT Other,Unintentional,Blunt,
US,V56.4XXA,MVT Occupant,Unintentional,Blunt,
US,V56.5XXA,MVT Occupant,Unintentional,Blunt,
US,V56.6XXA,MVT Occupant,Unintentional,Blunt,
US,V56.7XXA,MVT Occupant,Unintentional,Blunt,
US,V56.9XXA,MVT Occupant,Unintentional,Blunt,
US,V57.0XXA,MVT Other,Unintentional,Blunt,
US,V57.1XXA,MVT Other,Unintentional,Blunt,
US,V57.2XXA,MVT Other,Unintentional,Blunt,
US,V57.3XXA,MVT Other,Unintentional,Blunt,
US,V57.4XXA,MVT Occupant,Unintentional,Blunt,
US,V57.5XXA,MVT Occupant,Unintentional,Blunt,
US,V57.6XXA,MVT Occupant,Unintentional,Blunt,
US,V57.7XXA,MVT Occupant,Unintentional,Blunt,
US,V57.9XXA,MVT Occupant,Unintentional,Blunt,
US,V58.0XXA,MVT Other,Unintentional,Blunt,
US,V58.1XXA,MVT Other,Unintentional,Blunt,
US,V58.2XXA,MVT Other,Unintentional,Blunt,
US,V58.3XXA,MVT Other,Unintentional,Blunt,
US,V58.4XXA,MVT Occupant,Unintentional,Blunt,
US,V58.5XXA,MVT Occupant,Unintentional,Blunt,
US,V58.6XXA,MVT Occupant,Unintentional,Blunt,
US,V58.7XXA,MVT Occupant,Unintentional,Blunt,
US,V58.9XXA,MVT Occupant,Unintentional,Blunt,
US,V59.00XA,MVT Other,Unintentional,Blunt,
US,V59.09XA,MVT Other,Unintentional,Blunt,
US,V59.10XA,MVT Other,Unintentional,Blunt,
US,V59.19XA,MVT Other,Unintentional,Blunt,
US,V59.20XA,MVT Other,Unintentional,Blunt,
US,V59.29XA,MVT Other,Unintentional,Blunt,
US,V59.3XXA,MVT Other,Unintentional,Blunt,
US,V59.40XA,MVT Occupant,Unintentional,Blunt,
US,V59.49XA,MVT Occupant,Unintentional,Blunt,
US,V59.50XA,MVT Occupant,Unintentional,Blunt,
US,V59.59XA,MVT Occupant,Unintentional,Blunt,
US,V59.60XA,MVT Occupant,Unintentional,Blunt,
US,V59.69XA,MVT Occupant,Unintentional,Blunt,
US,V59.81XA,MVT Occupant,Unintentional,Blunt,
US,V59.88XA,MVT Occupant,Unintentional,Blunt,
US,V59.9XXA,MVT Occupant,Unintentional,Blunt,
US,V60.0XXA,MVT Other,Unintentional,Blunt,
US,V60.1XXA,MVT Other,Unintentional,Blunt,
US,V60.2XXA,MVT Other,Unintentional,Blunt,
US,V60.3XXA,MVT Other,Unintentional,Blunt,
US,V60.4XXA,MVT Occupant,Unintentional,Blunt,
US,V60.5XXA,MVT Occupant,Unintentional,Blunt,
US,V60.6XXA,MVT Occupant,Unintentional,Blunt,
US,V60.7XXA,MVT Occupant,Unintentional,Blunt,
US,V60.9XXA,MVT Occupant,Unintentional,Blunt,
US,V61.0XXA,MVT Other,Unintentional,Blunt,
US,V61.1XXA,MVT Other,Unintentional,Blunt,
US,V61.2XXA,MVT Other,Unintentional,Blunt,
US,V61.3XXA,MVT Other,Unintentional,Blunt,
US,V61.4XXA,MVT Occupant,Unintentional,Blunt,
US,V61.5XXA,MVT Occupant,Unintentional,Blunt,
US,V61.6XXA,MVT Occupant,Unintentional,Blunt,
US,V61.7XXA,MVT Occupant,Unintentional,Blunt,
US,V61.9XXA,MVT Occupant,Unintentional,Blunt,
US,V62.0XXA,MVT Other,Unintentional,Blunt,
US,V62.1XXA,MVT Other,Unintentional,Blunt,
US,V62.2XXA,MVT Other,Unintentional,Blunt,
US,V62.3XXA,MVT Other,Unintentional,Blunt,
US,V62.4XXA,MVT Occupant,Unintentional,Blunt,
US,V62.5XXA,MVT Occupant,Unintentional,Blunt,
US,V62.6XXA,MVT Occupant,Unintentional,Blunt,
US,V62.7XXA,MVT Occupant,Unintentional,Blunt,
US,V62.9XXA,MVT Occupant,Unintentional,Blunt,
US,V63.0XXA,MVT Other,Unintentional,Blunt,
US,V63.1XXA,MVT Other,Unintentional,Blunt,
US,V63.2XXA,MVT Other,Unintentional,Blunt,
US,V63.3XXA,MVT Other,Unintentional,Blunt,
US,V63.4XXA,MVT Occupant,Unintentional,Blunt,
US,V63.5XXA,MVT Occupant,Unintentional,Blunt,
US,V63.6XXA,MVT Occupant,Unintentional,Blunt,
US,V63.7XXA,MVT Occupant,Unintentional,Blunt,
US,V63.9XXA,MVT Occupant,Unintentional,Blunt,
US,V64.0XXA,MVT Other,Unintentional,Blunt,
US,V64.1XXA,MVT Other,Unintentional,Blunt,
US,V64.2XXA,MVT Other,Unintentional,Blunt,
US,V64.3XXA,MVT Other,Unintentional,Blunt,
US,V64.4XXA,MVT Occupant,Unintentional,Blunt,
US,V64.5XXA,MVT Occupant,Unintentional,Blunt,
US,V64.6XXA,MVT Occupant,Unintentional,Blunt,
US,V64.7XXA,MVT Occupant,Unintentional,Blunt,
US,V64.9XXA,MVT Occupant,Unintentional,Blunt,
US,V65.0XXA,MVT Other,Unintentional,Blunt,
US,V65.1XXA,MVT Other,Unintentional,Blunt,
US,V65.2XXA,MVT Other,Unintentional,Blunt,
US,V65.3XXA,MVT Other,Unintentional,Blunt,
US,V65.4XXA,MVT Occupant,Unintentional,Blunt,
US,V65.5XXA,MVT Occupant,Unintentional,Blunt,
US,V65.6XXA,MVT Occupant,Unintentional,Blunt,
US,V65.7XXA,MVT Occupant,Unintentional,Blunt,
US,V65.9XXA,MVT Occupant,Unintentional,Blunt,
US,V66.0XXA,MVT Other,Unintentional,Blunt,
US,V66.1XXA,MVT Other,Unintentional,Blunt,
US,V66.2XXA,MVT Other,Unintentional,Blunt,
US,V66.3XXA,MVT Other,Unintentional,Blunt,
US,V66.4XXA,MVT Occupant,Unintentional,Blunt,
US,V66.5XXA,MVT Occupant,Unintentional,Blunt,
US,V66.6XXA,MVT Occupant,Unintentional,Blunt,
US,V66.7XXA,MVT Occupant,Unintentional,Blunt,
US,V66.9XXA,MVT Occupant,Unintentional,Blunt,
US,V67.0XXA,MVT Other,Unintentional,Blunt,
US,V67.1XXA,MVT Other,Unintentional,Blunt,
US,V67.2XXA,MVT Other,Unintentional,Blunt,
US,V67.3XXA,MVT Other,Unintentional,Blunt,
US,V67.4XXA,MVT Occupant,Unintentional,Blunt,
US,V67.5XXA,MVT Occupant,Unintentional,Blunt,
US,V67.6XXA,MVT Occupant,Unintentional,Blunt,
US,V67.7XXA,MVT Occupant,Unintentional,Blunt,
US,V67.9XXA,MVT Occupant,Unintentional,Blunt,
US,V68.0XXA,MVT Other,Unintentional,Blunt,
US,V68.1XXA,MVT Other,Unintentional,Blunt,
US,V68.2XXA,MVT Other,Unintentional,Blunt,
US,V68.3XXA,MVT Other,Unintentional,Blunt,
US,V68.4XXA,MVT Occupant,Unintentional,Blunt,
US,V68.5XXA,MVT Occupant,Unintentional,Blunt,
US,V68.6XXA,MVT Occupant,Unintentional,Blunt,
US,V68.7XXA,MVT Occupant,Unintentional,Blunt,
US,V68.9XXA,MVT Occupant,Unintentional,Blunt,
US,V69.00XA,MVT Other,Unintentional,Blunt,
US,V69.09XA,MVT Other,Unintentional,Blunt,
US,V69.10XA,MVT Other,Unintentional,Blunt,
US,V69.19XA,MVT Other,Unintentional,Blunt,
US,V69.20XA,MVT Other,Unintentional,Blunt,
US,V69.29XA,MVT Other,Unintentional,Blunt,
US,V69.3XXA,MVT Other,Unintentional,Blunt,
US,V69.40XA,MVT Occupant,Unintentional,Blunt,
US,V69.49XA,MVT Occupant,Unintentional,Blunt,
US,V69.50XA,MVT Occupant,Unintentional,Blunt,
US,V69.59XA,MVT Occupant,Unintentional,Blunt,
US,V69.60XA,MVT Occupant,Unintentional,Blunt,
US,V69.69XA,MVT Occupant,Unintentional,Blunt,
US,V69.81XA,MVT Occupant,Unintentional,Blunt,
US,V69.88XA,MVT Occupant,Unintentional,Blunt,
US,V69.9XXA,MVT Occupant,Unintentional,Blunt,
US,V70.0XXA,MVT Other,Unintentional,Blunt,
US,V70.1XXA,MVT Other,Unintentional,Blunt,
US,V70.2XXA,MVT Other,Unintentional,Blunt,
US,V70.3XXA,MVT Other,Unintentional,Blunt,
US,V70.4XXA,MVT Occupant,Unintentional,Blunt,
US,V70.5XXA,MVT Occupant,Unintentional,Blunt,
US,V70.6XXA,MVT Occupant,Unintentional,Blunt,
US,V70.7XXA,MVT Occupant,Unintentional,Blunt,
US,V70.9XXA,MVT Occupant,Unintentional,Blunt,
US,V71.0XXA,MVT Other,Unintentional,Blunt,
US,V71.1XXA,MVT Other,Unintentional,Blunt,
US,V71.2XXA,MVT Other,Unintentional,Blunt,
US,V71.3XXA,MVT Other,Unintentional,Blunt,
US,V71.4XXA,MVT Occupant,Unintentional,Blunt,
US,V71.5XXA,MVT Occupant,Unintentional,Blunt,
US,V71.6XXA,MVT Occupant,Unintentional,Blunt,
US,V71.7XXA,MVT Occupant,Unintentional,Blunt,
US,V71.9XXA,MVT Occupant,Unintentional,Blunt,
US,V72.0XXA,MVT Other,Unintentional,Blunt,
US,V72.1XXA,MVT Other,Unintentional,Blunt,
US,V72.2XXA,MVT Other,Unintentional,Blunt,
US,V72.3XXA,MVT Other,Unintentional,Blunt,
US,V72.4XXA,MVT Occupant,Unintentional,Blunt,
US,V72.5XXA,MVT Occupant,Unintentional,Blunt,
US,V72.6XXA,MVT Occupant,Unintentional,Blunt,
US,V72.7XXA,MVT Occupant,Unintentional,Blunt,
US,V72.9XXA,MVT Occupant,Unintentional,Blunt,
US,V73.0XXA,MVT Other,Unintentional,Blunt,
US,V73.1XXA,MVT Other,Unintentional,Blunt,
US,V73.2XXA,MVT Other,Unintentional,Blunt,
US,V73.3XXA,MVT Other,Unintentional,Blunt,
US,V73.4XXA,MVT Occupant,Unintentional,Blunt,
US,V73.5XXA,MVT Occupant,Unintentional,Blunt,
US,V73.6XXA,MVT Occupant,Unintentional,Blunt,
US,V73.7XXA,MVT Occupant,Unintentional,Blunt,
US,V73.9XXA,MVT Occupant,Unintentional,Blunt,
US,V74.0XXA,MVT Other,Unintentional,Blunt,
US,V74.1XXA,MVT Other,Unintentional,Blunt,
US,V74.2XXA,MVT Other,Unintentional,Blunt,
US,V74.3XXA,MVT Other,Unintentional,Blunt,
US,V74.4XXA,MVT Occupant,Unintentional,Blunt,
US,V74.5XXA,MVT Occupant,Unintentional,Blunt,
US,V74.6XXA,MVT Occupant,Unintentional,Blunt,
US,V74.7XXA,MVT Occupant,Unintentional,Blunt,
US,V74.9XXA,MVT Occupant,Unintentional,Blunt,
US,V75.0XXA,MVT Other,Unintentional,Blunt,
US,V75.1XXA,MVT Other,Unintentional,Blunt,
US,V75.2XXA,MVT Other,Unintentional,Blunt,
US,V75.3XXA,MVT Other,Unintentional,Blunt,
US,V75.4XXA,MVT Occupant,Unintentional,Blunt,
US,V75.5XXA,MVT Occupant,Unintentional,Blunt,
US,V75.6XXA,MVT Occupant,Unintentional,Blunt,
US,V75.7XXA,MVT Occupant,Unintentional,Blunt,
US,V75.9XXA,MVT Occupant,Unintentional,Blunt,
US,V76.0XXA,MVT Other,Unintentional,Blunt,
US,V76.1XXA,MVT Other,Unintentional,Blunt,
US,V76.2XXA,MVT Other,Unintentional,Blunt,
US,V76.3XXA,MVT Other,Unintentional,Blunt,
US,V76.4XXA,MVT Occupant,Unintentional,Blunt,
US,V76.5XXA,MVT Occupant,Unintentional,Blunt,
US,V76.6XXA,MVT Occupant,Unintentional,Blunt,
US,V76.7XXA,MVT Occupant,Unintentional,Blunt,
US,V76.9XXA,MVT Occupant,Unintentional,Blunt,
US,V77.0XXA,MVT Other,Unintentional,Blunt,
US,V77.1XXA,MVT Other,Unintentional,Blunt,
US,V77.2XXA,MVT Other,Unintentional,Blunt,
US,V77.3XXA,MVT Other,Unintentional,Blunt,
US,V77.4XXA,MVT Occupant,Unintentional,Blunt,
US,V77.5XXA,MVT Occupant,Unintentional,Blunt,
US,V77.6XXA,MVT Occupant,Unintentional,Blunt,
US,V77.7XXA,MVT Occupant,Unintentional,Blunt,
US,V77.9XXA,MVT Occupant,Unintentional,Blunt,
US,V78.0XXA,MVT Other,Unintentional,Blunt,
US,V78.1XXA,MVT Other,Unintentional,Blunt,
US,V78.2XXA,MVT Other,Unintentional,Blunt,
US,V78.3XXA,MVT Other,Unintentional,Blunt,
US,V78.4XXA,MVT Occupant,Unintentional,Blunt,
US,V78.5XXA,MVT Occupant,Unintentional,Blunt,
US,V78.6XXA,MVT Occupant,Unintentional,Blunt,
US,V78.7XXA,MVT Occupant,Unintentional,Blunt,
US,V78.9XXA,MVT Occupant,Unintentional,Blunt,
US,V79.00XA,MVT Other,Unintentional,Blunt,
US,V79.09XA,MVT Other,Unintentional,Blunt,
US,V79.10XA,MVT Other,Unintentional,Blunt,
US,V79.19XA,MVT Other,Unintentional,Blunt,
US,V79.20XA,MVT Other,Unintentional,Blunt,
US,V79.29XA,MVT Other,Unintentional,Blunt,
US,V79.3XXA,MVT Other,Unintentional,Blunt,
US,V79.40XA,MVT Occupant,Unintentional,Blunt,
US,V79.49XA,MVT Occupant,Unintentional,Blunt,
US,V79.50XA,MVT Occupant,Unintentional,Blunt,
US,V79.59XA,MVT Occupant,Unintentional,Blunt,
US,V79.60XA,MVT Occupant,Unintentional,Blunt,
US,V79.69XA,MVT Occupant,Unintentional,Blunt,
US,V79.81XA,MVT Occupant,Unintentional,Blunt,
US,V79.88XA,MVT Occupant,Unintentional,Blunt,
US,V79.9XXA,MVT Occupant,Unintentional,Blunt,
US,V80.010A,"Transport, Other",Unintentional,Blunt,
US,V80.018A,"Transport, Other",Unintentional,Blunt,
US,V80.02XA,"Transport, Other",Unintentional,Blunt,
US,V80.11XA,"Transport, Other",Unintentional,Blunt,
US,V80.12XA,"Transport, Other",Unintentional,Blunt,
US,V80.21XA,"Transport, Other",Unintentional,Blunt,
US,V80.22XA,"Transport, Other",Unintentional,Blunt,
US,V80.31XA,MVT Other,Unintentional,Blunt,
US,V80.32XA,MVT Other,Unintentional,Blunt,
US,V80.41XA,MVT Other,Unintentional,Blunt,
US,V80.42XA,MVT Other,Unintentional,Blunt,
US,V80.51XA,MVT Other,Unintentional,Blunt,
US,V80.52XA,MVT Other,Unintentional,Blunt,
US,V80.61XA,"Transport, Other",Unintentional,Blunt,
US,V80.62XA,"Transport, Other",Unintentional,Blunt,
US,V80.710A,"Transport, Other",Unintentional,Blunt,
US,V80.711A,"Transport, Other",Unintentional,Blunt,
US,V80.720A,"Transport, Other",Unintentional,Blunt,
US,V80.721A,"Transport, Other",Unintentional,Blunt,
US,V80.730A,"Transport, Other",Unintentional,Blunt,
US,V80.731A,"Transport, Other",Unintentional,Blunt,
US,V80.790A,"Transport, Other",Unintentional,Blunt,
US,V80.791A,"Transport, Other",Unintentional,Blunt,
US,V80.81XA,"Transport, Other",Unintentional,Blunt,
US,V80.82XA,"Transport, Other",Unintentional,Blunt,
US,V80.910A,"Transport, Other",Unintentional,Blunt,
US,V80.918A,"Transport, Other",Unintentional,Blunt,
US,V80.919A,"Transport, Other",Unintentional,Blunt,
US,V80.920A,"Transport, Other",Unintentional,Blunt,
US,V80.928A,"Transport, Other",Unintentional,Blunt,
US,V80.929A,"Transport, Other",Unintentional,Blunt,
US,V81.0XXA,MVT Other,Unintentional,Blunt,
US,V81.1XXA,MVT Other,Unintentional,Blunt,
US,V81.2XXA,"Transport, Other",Unintentional,Blunt,
US,V81.3XXA,"Transport, Other",Unintentional,Blunt,
US,V81.4XXA,"Transport, Other",Unintentional,Blunt,
US,V81.5XXA,"Transport, Other",Unintentional,Blunt,
US,V81.6XXA,"Transport, Other",Unintentional,Blunt,
US,V81.7XXA,"Transport, Other",Unintentional,Blunt,
US,V81.81XA,"Transport, Other",Unintentional,Blunt,
US,V81.82XA,"Transport, Other",Unintentional,Blunt,
US,V81.83XA,"Transport, Other",Unintentional,Blunt,
US,V81.89XA,"Transport, Other",Unintentional,Blunt,
US,V81.9XXA,"Transport, Other",Unintentional,Blunt,
US,V82.0XXA,MVT Other,Unintentional,Blunt,
US,V82.1XXA,MVT Other,Unintentional,Blunt,
US,V82.2XXA,"Transport, Other",Unintentional,Blunt,
US,V82.3XXA,"Transport, Other",Unintentional,Blunt,
US,V82.4XXA,"Transport, Other",Unintentional,Blunt,
US,V82.5XXA,"Transport, Other",Unintentional,Blunt,
US,V82.6XXA,"Transport, Other",Unintentional,Blunt,
US,V82.7XXA,"Transport, Other",Unintentional,Blunt,
US,V82.8XXA,"Transport, Other",Unintentional,Blunt,
US,V82.9XXA,"Transport, Other",Unintentional,Blunt,
US,V83.0XXA,MVT Occupant,Unintentional,Blunt,
US,V83.1XXA,MVT Occupant,Unintentional,Blunt,
US,V83.2XXA,MVT Occupant,Unintentional,Blunt,
US,V83.3XXA,MVT Occupant,Unintentional,Blunt,
US,V83.4XXA,"Transport, Other",Unintentional,Blunt,
US,V83.5XXA,"Transport, Other",Unintentional,Blunt,
US,V83.6XXA,"Transport, Other",Unintentional,Blunt,
US,V83.7XXA,"Transport, Other",Unintentional,Blunt,
US,V83.9XXA,"Transport, Other",Unintentional,Blunt,
US,V84.0XXA,MVT Occupant,Unintentional,Blunt,
US,V84.1XXA,MVT Occupant,Unintentional,Blunt,
US,V84.2XXA,MVT Occupant,Unintentional,Blunt,
US,V84.3XXA,MVT Occupant,Unintentional,Blunt,
US,V84.4XXA,"Transport, Other",Unintentional,Blunt,
US,V84.5XXA,MVT Other,Unintentional,Blunt,
US,V84.6XXA,MVT Other,Unintentional,Blunt,
US,V84.7XXA,MVT Other,Unintentional,Blunt,
US,V84.9XXA,MVT Other,Unintentional,Blunt,
US,V85.0XXA,MVT Occupant,Unintentional,Blunt,
US,V85.1XXA,MVT Occupant,Unintentional,Blunt,
US,V85.2XXA,MVT Occupant,Unintentional,Blunt,
US,V85.3XXA,MVT Occupant,Unintentional,Blunt,
US,V85.4XXA,"Transport, Other",Unintentional,Blunt,
US,V85.5XXA,MVT Other,Unintentional,Blunt,
US,V85.6XXA,MVT Other,Unintentional,Blunt,
US,V85.7XXA,MVT Other,Unintentional,Blunt,
US,V85.9XXA,MVT Other,Unintentional,Blunt,
US,V86.01XA,MVT Occupant,Unintentional,Blunt,
US,V86.02XA,MVT Occupant,Unintentional,Blunt,
US,V86.03XA,MVT Occupant,Unintentional,Blunt,
US,V86.04XA,MVT Occupant,Unintentional,Blunt,
US,V86.05XA,MVT Occupant,Unintentional,Blunt,
US,V86.06XA,MVT Occupant,Unintentional,Blunt,
US,V86.09XA,MVT Occupant,Unintentional,Blunt,
US,V86.11XA,MVT Occupant,Unintentional,Blunt,
US,V86.12XA,MVT Occupant,Unintentional,Blunt,
US,V86.13XA,MVT Occupant,Unintentional,Blunt,
US,V86.14XA,MVT Occupant,Unintentional,Blunt,
US,V86.15XA,MVT Occupant,Unintentional,Blunt,
US,V86.16XA,MVT Occupant,Unintentional,Blunt,
US,V86.19XA,MVT Occupant,Unintentional,Blunt,
US,V86.21XA,MVT Occupant,Unintentional,Blunt,
US,V86.22XA,MVT Occupant,Unintentional,Blunt,
US,V86.23XA,MVT Occupant,Unintentional,Blunt,
US,V86.24XA,MVT Occupant,Unintentional,Blunt,
US,V86.25XA,MVT Occupant,Unintentional,Blunt,
US,V86.26XA,MVT Occupant,Unintentional,Blunt,
US,V86.29XA,MVT Occupant,Unintentional,Blunt,
US,V86.31XA,MVT Occupant,Unintentional,Blunt,
US,V86.32XA,MVT Occupant,Unintentional,Blunt,
US,V86.33XA,MVT Occupant,Unintentional,Blunt,
US,V86.34XA,MVT Occupant,Unintentional,Blunt,
US,V86.35XA,MVT Occupant,Unintentional,Blunt,
US,V86.36XA,MVT Occupant,Unintentional,Blunt,
US,V86.39XA,MVT Occupant,Unintentional,Blunt,
US,V86.41XA,"Transport, Other",Unintentional,Blunt,
US,V86.42XA,"Transport, Other",Unintentional,Blunt,
US,V86.43XA,"Transport, Other",Unintentional,Blunt,
US,V86.44XA,"Transport, Other",Unintentional,Blunt,
US,V86.45XA,"Transport, Other",Unintentional,Blunt,
US,V86.46XA,"Transport, Other",Unintentional,Blunt,
US,V86.49XA,"Transport, Other",Unintentional,Blunt,
US,V86.51XA,MVT Other,Unintentional,Blunt,
US,V86.52XA,"Transport, Other",Unintentional,Blunt,
US,V86.53XA,"Transport, Other",Unintentional,Blunt,
US,V86.54XA,MVT Other,Unintentional,Blunt,
US,V86.55XA,"Transport, Other",Unintentional,Blunt,
US,V86.56XA,"Transport, Other",Unintentional,Blunt,
US,V86.59XA,"Transport, Other",Unintentional,Blunt,
US,V86.61XA,MVT Other,Unintentional,Blunt,
US,V86.62XA,"Transport, Other",Unintentional,Blunt,
US,V86.63XA,"Transport, Other",Unintentional,Blunt,
US,V86.64XA,MVT Other,Unintentional,Blunt,
US,V86.65XA,"Transport, Other",Unintentional,Blunt,
US,V86.66XA,"Transport, Other",Unintentional,Blunt,
US,V86.69XA,"Transport, Other",Unintentional,Blunt,
US,V86.71XA,MVT Other,Unintentional,Blunt,
US,V86.72XA,"Transport, Other",Unintentional,Blunt,
US,V86.73XA,"Transport, Other",Unintentional,Blunt,
US,V86.74XA,MVT Other,Unintentional,Blunt,
US,V86.75XA,"Transport, Other",Unintentional,Blunt,
US,V86.76XA,"Transport, Other",Unintentional,Blunt,
US,V86.79XA,"Transport, Other",Unintentional,Blunt,
US,V86.91XA,MVT Other,Unintentional,Blunt,
US,V86.92XA,"Transport, Other",Unintentional,Blunt,
US,V86.93XA,"Transport, Other",Unintentional,Blunt,
US,V86.94XA,MVT Other,Unintentional,Blunt,
US,V86.95XA,"Transport, Other",Unintentional,Blunt,
US,V86.96XA,"Transport, Other",Unintentional,Blunt,
US,V86.99XA,"Transport, Other",Unintentional,Blunt,
US,V87.0XXA,MVT Unspecified,Unintentional,Blunt,
US,V87.1XXA,MVT Unspecified,Unintentional,Blunt,
US,V87.2XXA,MVT Unspecified,Unintentional,Blunt,
US,V87.3XXA,MVT Unspecified,Unintentional,Blunt,
US,V87.4XXA,MVT Unspecified,Unintentional,Blunt,
US,V87.5XXA,MVT Unspecified,Unintentional,Blunt,
US,V87.6XXA,MVT Unspecified,Unintentional,Blunt,
US,V87.7XXA,MVT Unspecified,Unintentional,Blunt,
US,V87.8XXA,MVT Unspecified,Unintentional,Blunt,
US,V87.9XXA,"Transport, Other",Unintentional,Blunt,
US,V88.0XXA,MVT Other,Unintentional,Blunt,
US,V88.1XXA,MVT Other,Unintentional,Blunt,
US,V88.2XXA,MVT Other,Unintentional,Blunt,
US,V88.3XXA,MVT Other,Unintentional,Blunt,
US,V88.4XXA,MVT Other,Unintentional,Blunt,
US,V88.5XXA,MVT Other,Unintentional,Blunt,
US,V88.6XXA,MVT Other,Unintentional,Blunt,
US,V88.7XXA,MVT Other,Unintentional,Blunt,
US,V88.8XXA,MVT Other,Unintentional,Blunt,
US,V88.9XXA,"Transport, Other",Unintentional,Blunt,
US,V89.0XXA,MVT Other,Unintentional,Blunt,
US,V89.1XXA,"Transport, Other",Unintentional,Blunt,
US,V89.2XXA,MVT Unspecified,Unintentional,Blunt,
US,V89.3XXA,"Transport, Other",Unintentional,Blunt,
US,V89.9XXA,"Transport, Other",Unintentional,Blunt,
US,V91.10XA,"Transport, Other",Unintentional,Blunt,
US,V91.11XA,"Transport, Other",Unintentional,Blunt,
US,V91.12XA,"Transport, Other",Unintentional,Blunt,
US,V91.13XA,"Transport, Other",Unintentional,Blunt,
US,V91.14XA,"Transport, Other",Unintentional,Blunt,
US,V91.15XA,"Transport, Other",Unintentional,Blunt,
US,V91.16XA,"Transport, Other",Unintentional,Blunt,
US,V91.18XA,"Transport, Other",Unintentional,Blunt,
US,V91.19XA,"Transport, Other",Unintentional,Blunt,
US,V91.20XA,"Transport, Other",Unintentional,Blunt,
US,V91.21XA,"Transport, Other",Unintentional,Blunt,
US,V91.22XA,"Transport, Other",Unintentional,Blunt,
US,V91.23XA,"Transport, Other",Unintentional,Blunt,
US,V91.24XA,"Transport, Other",Unintentional,Blunt,
US,V91.25XA,"Transport, Other",Unintentional,Blunt,
US,V91.26XA,"Transport, Other",Unintentional,Blunt,
US,V91.29XA,"Transport, Other",Unintentional,Blunt,
US,V91.30XA,"Transport, Other",Unintentional,Blunt,
US,V91.31XA,"Transport, Other",Unintentional,Blunt,
US,V91.32XA,"Transport, Other",Unintentional,Blunt,
US,V91.33XA,"Transport, Other",Unintentional,Blunt,
US,V91.34XA,"Transport, Other",Unintentional,Blunt,
US,V91.35XA,"Transport, Other",Unintentional,Blunt,
US,V91.36XA,"Transport, Other",Unintentional,Blunt,
US,V91.37XA,"Transport, Other",Unintentional,Blunt,
US,V91.38XA,"Transport, Other",Unintentional,Blunt,
US,V91.39XA,"Transport, Other",Unintentional,Blunt,
US,V91.80XA,"Transport, Other",Unintentional,Blunt,
US,V91.81XA,"Transport, Other",Unintentional,Blunt,
US,V91.82XA,"Transport, Other",Unintentional,Blunt,
US,V91.83XA,"Transport, Other",Unintentional,Blunt,
US,V91.84XA,"Transport, Other",Unintentional,Blunt,
US,V91.85XA,"Transport, Other",Unintentional,Blunt,
US,V91.86XA,"Transport, Other",Unintentional,Blunt,
US,V91.87XA,"Transport, Other",Unintentional,Blunt,
US,V91.88XA,"Transport, Other",Unintentional,Blunt,
US,V91.89XA,"Transport, Other",Unintentional,Blunt,
US,V93.30XA,"Transport, Other",Unintentional,Blunt,
US,V93.31XA,"Transport, Other",Unintentional,Blunt,
US,V93.32XA,"Transport, Other",Unintentional,Blunt,
US,V93.33XA,"Transport, Other",Unintentional,Blunt,
US,V93.34XA,"Transport, Other",Unintentional,Blunt,
US,V93.35XA,"Transport, Other",Unintentional,Blunt,
US,V93.36XA,"Transport, Other",Unintentional,Blunt,
US,V93.38XA,"Transport, Other",Unintentional,Blunt,
US,V93.39XA,"Transport, Other",Unintentional,Blunt,
US,V93.40XA,"Transport, Other",Unintentional,Blunt,
US,V93.41XA,"Transport, Other",Unintentional,Blunt,
US,V93.42XA,"Transport, Other",Unintentional,Blunt,
US,V93.43XA,"Transport, Other",Unintentional,Blunt,
US,V93.44XA,"Transport, Other",Unintentional,Blunt,
US,V93.48XA,"Transport, Other",Unintentional,Blunt,
US,V93.49XA,"Transport, Other",Unintentional,Blunt,
US,V93.50XA,"Transport, Other",Unintentional,Blunt,
US,V93.51XA,"Transport, Other",Unintentional,Blunt,
US,V93.52XA,"Transport, Other",Unintentional,Blunt,
US,V93.53XA,"Transport, Other",Unintentional,Blunt,
US,V93.54XA,"Transport, Other",Unintentional,Blunt,
US,V93.59XA,"Transport, Other",Unintentional,Blunt,
US,V93.60XA,"Transport, Other",Unintentional,Blunt,
US,V93.61XA,"Transport, Other",Unintentional,Blunt,
US,V93.62XA,"Transport, Other",Unintentional,Blunt,
US,V93.63XA,"Transport, Other",Unintentional,Blunt,
US,V93.64XA,"Transport, Other",Unintentional,Blunt,
US,V93.69XA,"Transport, Other",Unintentional,Blunt,
US,V93.80XA,"Transport, Other",Unintentional,Blunt,
US,V93.81XA,"Transport, Other",Unintentional,Blunt,
US,V93.82XA,"Transport, Other",Unintentional,Blunt,
US,V93.83XA,"Transport, Other",Unintentional,Blunt,
US,V93.84XA,"Transport, Other",Unintentional,Blunt,
US,V93.85XA,"Transport, Other",Unintentional,Blunt,
US,V93.86XA,"Transport, Other",Unintentional,Blunt,
US,V93.87XA,"Transport, Other",Unintentional,Blunt,
US,V93.88XA,"Transport, Other",Unintentional,Blunt,
US,V93.89XA,"Transport, Other",Unintentional,Blunt,
US,V94.0XXA,"Transport, Other",Unintentional,Blunt,
US,V94.11XA,"Transport, Other",Unintentional,Blunt,
US,V94.12XA,"Transport, Other",Unintentional,Blunt,
US,V94.21XA,"Transport, Other",Unintentional,Blunt,
US,V94.22XA,"Transport, Other",Unintentional,Blunt,
US,V94.31XA,"Transport, Other",Unintentional,Blunt,
US,V94.32XA,"Transport, Other",Unintentional,Blunt,
US,V94.4XXA,"Transport, Other",Unintentional,Blunt,
US,V94.810A,"Transport, Other",Unintentional,Blunt,
US,V94.811A,"Transport, Other",Unintentional,Blunt,
US,V94.818A,"Transport, Other",Unintentional,Blunt,
US,V94.89XA,"Transport, Other",Unintentional,Blunt,
US,V94.9XXA,"Transport, Other",Unintentional,Blunt,
US,V95.00XA,"Transport, Other",Unintentional,Blunt,
US,V95.01XA,"Transport, Other",Unintentional,Blunt,
US,V95.02XA,"Transport, Other",Unintentional,Blunt,
US,V95.03XA,"Transport, Other",Unintentional,Blunt,
US,V95.04XA,"Transport, Other",Unintentional,Burn,
US,V95.05XA,"Transport, Other",Unintentional,Blunt,
US,V95.09XA,"Transport, Other",Unintentional,Blunt,
US,V95.10XA,"Transport, Other",Unintentional,Blunt,
US,V95.11XA,"Transport, Other",Unintentional,Blunt,
US,V95.12XA,"Transport, Other",Unintentional,Blunt,
US,V95.13XA,"Transport, Other",Unintentional,Blunt,
US,V95.14XA,"Transport, Other",Unintentional,Burn,
US,V95.15XA,"Transport, Other",Unintentional,Blunt,
US,V95.19XA,"Transport, Other",Unintentional,Blunt,
US,V95.20XA,"Transport, Other",Unintentional,Blunt,
US,V95.21XA,"Transport, Other",Unintentional,Blunt,
US,V95.22XA,"Transport, Other",Unintentional,Blunt,
US,V95.23XA,"Transport, Other",Unintentional,Blunt,
US,V95.24XA,"Transport, Other",Unintentional,Burn,
US,V95.25XA,"Transport, Other",Unintentional,Blunt,
US,V95.29XA,"Transport, Other",Unintentional,Blunt,
US,V95.30XA,"Transport, Other",Unintentional,Blunt,
US,V95.31XA,"Transport, Other",Unintentional,Blunt,
US,V95.32XA,"Transport, Other",Unintentional,Blunt,
US,V95.33XA,"Transport, Other",Unintentional,Blunt,
US,V95.34XA,"Transport, Other",Unintentional,Burn,
US,V95.35XA,"Transport, Other",Unintentional,Blunt,
US,V95.39XA,"Transport, Other",Unintentional,Blunt,
US,V95.40XA,"Transport, Other",Unintentional,Blunt,
US,V95.41XA,"Transport, Other",Unintentional,Blunt,
US,V95.42XA,"Transport, Other",Unintentional,Blunt,
US,V95.43XA,"Transport, Other",Unintentional,Blunt,
US,V95.44XA,"Transport, Other",Unintentional,Burn,
US,V95.45XA,"Transport, Other",Unintentional,Blunt,
US,V95.49XA,"Transport, Other",Unintentional,Blunt,
US,V95.8XXA,"Transport, Other",Unintentional,Blunt,
US,V95.9XXA,"Transport, Other",Unintentional,Blunt,
US,V96.00XA,"Transport, Other",Unintentional,Blunt,
US,V96.01XA,"Transport, Other",Unintentional,Blunt,
US,V96.02XA,"Transport, Other",Unintentional,Blunt,
US,V96.03XA,"Transport, Other",Unintentional,Blunt,
US,V96.04XA,"Transport, Other",Unintentional,Burn,
US,V96.05XA,"Transport, Other",Unintentional,Blunt,
US,V96.09XA,"Transport, Other",Unintentional,Blunt,
US,V96.10XA,"Transport, Other",Unintentional,Blunt,
US,V96.11XA,"Transport, Other",Unintentional,Blunt,
US,V96.12XA,"Transport, Other",Unintentional,Blunt,
US,V96.13XA,"Transport, Other",Unintentional,Blunt,
US,V96.14XA,"Transport, Other",Unintentional,Burn,
US,V96.15XA,"Transport, Other",Unintentional,Blunt,
US,V96.19XA,"Transport, Other",Unintentional,Blunt,
US,V96.20XA,"Transport, Other",Unintentional,Blunt,
US,Y36.321A,Other Specified and Classifiable,Other,Blunt,
US,Y36.420A,Firearm,Other,Blunt,
US,Y36.421A,Firearm,Other,Blunt,
US,Y36.430A,Firearm,Other,Penetrating,
US,Y36.431A,Firearm,Other,Penetrating,
US,Y36.440A,"Struck By, Against",Other,Blunt,
US,Y36.441A,"Struck By, Against",Other,Blunt,
US,Y36.450A,Other Specified and Classifiable,Other,Blunt,
US,Y36.451A,Other Specified and Classifiable,Other,Blunt,
US,Y36.810A,Other Specified and Classifiable,Other,Blunt,
US,Y36.811A,Other Specified and Classifiable,Other,Blunt,
US,Y36.820A,Other Specified and Classifiable,Other,Blunt,
US,Y36.821A,Other Specified and Classifiable,Other,Blunt,
US,Y36.92XA,Firearm,Other,Penetrating,
US,Y37.000A,Other Specified and Classifiable,Other,Blunt,
US,Y37.001A,Other Specified and Classifiable,Other,Blunt,
US,Y37.010A,Other Specified and Classifiable,Other,Blunt,
US,Y37.011A,Other Specified and Classifiable,Other,Blunt,
US,Y37.020A,Other Specified and Classifiable,Other,Blunt,
US,Y37.021A,Other Specified and Classifiable,Other,Blunt,
US,Y37.030A,Other Specified and Classifiable,Other,Blunt,
US,Y37.031A,Other Specified and Classifiable,Other,Blunt,
US,Y37.040A,Other Specified and Classifiable,Other,Blunt,
US,Y37.041A,Other Specified and Classifiable,Other,Blunt,
US,Y37.050A,Other Specified and Classifiable,Other,Blunt,
US,Y37.051A,Other Specified and Classifiable,Other,Blunt,
US,Y37.090A,Other Specified and Classifiable,Other,Blunt,
US,Y37.091A,Other Specified and Classifiable,Other,Blunt,
US,Y37.100A,"Transport, Other",Other,Blunt,
US,Y37.101A,"Transport, Other",Other,Blunt,
US,Y37.110A,"Transport, Other",Other,Blunt,
US,Y37.111A,"Transport, Other",Other,Blunt,
US,Y37.120A,"Transport, Other",Other,Blunt,
US,Y37.121A,"Transport, Other",Other,Blunt,
US,Y37.140A,"Transport, Other",Other,Blunt,
US,Y37.141A,"Transport, Other",Other,Blunt,
US,Y37.190A,"Transport, Other",Other,Blunt,
US,Y37.191A,"Transport, Other",Other,Blunt,
US,Y37.200A,Other Specified and Classifiable,Other,Blunt,
US,Y37.201A,Other Specified and Classifiable,Other,Blunt,
US,Y37.210A,Other Specified and Classifiable,Other,Blunt,
US,Y37.211A,Other Specified and Classifiable,Other,Blunt,
US,Y37.220A,Other Specified and Classifiable,Other,Blunt,
US,Y37.221A,Other Specified and Classifiable,Other,Blunt,
US,Y37.230A,Other Specified and Classifiable,Other,Blunt,
US,Y37.231A,Other Specified and Classifiable,Other,Blunt,
US,Y37.240A,Other Specified and Classifiable,Other,Blunt,
US,Y37.241A,Other Specified and Classifiable,Other,Blunt,
US,Y37.250A,Other Specified and Classifiable,Other,Blunt,
US,Y37.251A,Other Specified and Classifiable,Other,Blunt,
US,Y37.260A,Other Specified and Classifiable,Other,Blunt,
US,Y37.261A,Other Specified and Classifiable,Other,Blunt,
US,Y37.270A,Other Specified and Classifiable,Other,Blunt,
US,Y37.271A,Other Specified and Classifiable,Other,Blunt,
US,Y37.290A,Other Specified and Classifiable,Other,Blunt,
US,Y37.291A,Other Specified and Classifiable,Other,Blunt,
US,Y37.310A,Other Specified and Classifiable,Other,Blunt,
US,Y37.311A,Other Specified and Classifiable,Other,Blunt,
US,Y37.320A,Other Specified and Classifiable,Other,Blunt,
US,Y37.321A,Other Specified and Classifiable,Other,Blunt,
US,Y37.410A,Other Specified and Classifiable,Other,Blunt,
US,Y37.411A,Other Specified and Classifiable,Other,Blunt,
US,Y37.420A,Firearm,Other,Blunt,
US,Y37.421A,Firearm,Other,Blunt,
US,Y37.430A,Firearm,Other,Penetrating,
US,Y37.431A,Firearm,Other,Penetrating,
US,Y37.440A,"Struck By, Against",Other,Blunt,
US,Y37.441A,"Struck By, Against",Other,Blunt,
US,Y37.450A,Other Specified and Classifiable,Other,Blunt,
US,Y37.451A,Other Specified and Classifiable,Other,Blunt,
US,Y37.92XA,Firearm,Other,Penetrating,
US,Y38.0X1A,Other Specified and Classifiable,Assault,,Terrorism
US,Y38.0X2A,Other Specified and Classifiable,Assault,,Terrorism
US,Y38.0X3A,Other Specified and Classifiable,Assault,,Terrorism
US,Y38.1X1A,"Transport, Other",Assault,,Terrorism
US,Y38.1X2A,"Transport, Other",Assault,,Terrorism
US,Y38.1X3A,"Transport, Other",Assault,,Terrorism
US,Y38.2X1A,Other Specified and Classifiable,Assault,,Terrorism
US,Y38.2X2A,Other Specified and Classifiable,Assault,,Terrorism
US,Y38.2X3A,Other Specified and Classifiable,Assault,,Terrorism
US,Y38.4X1A,Firearm,Assault,,Terrorism
US,Y38.4X2A,Firearm,Assault,,Terrorism
US,Y38.4X3A,Firearm,Assault,,Terrorism
US,Y38.811A,Other Specified and Classifiable,Assault,,Terrorism
US,Y38.812A,Other Specified and Classifiable,Assault,,Terrorism
US,V39.29XA,MVT Other,Unintentional,Blunt,
US,V39.3XXA,MVT Other,Unintentional,Blunt,
US,V39.40XA,MVT Occupant,Unintentional,Blunt,
US,V39.49XA,MVT Occupant,Unintentional,Blunt,
US,V39.50XA,MVT Occupant,Unintentional,Blunt,
US,V39.59XA,MVT Occupant,Unintentional,Blunt,
US,V39.60XA,MVT Occupant,Unintentional,Blunt,
US,V39.69XA,MVT Occupant,Unintentional,Blunt,
US,V39.81XA,MVT Occupant,Unintentional,Blunt,
US,V39.89XA,MVT Occupant,Unintentional,Blunt,
US,V39.9XXA,MVT Occupant,Unintentional,Blunt,
US,V40.0XXA,MVT Other,Unintentional,Blunt,
US,V40.1XXA,MVT Other,Unintentional,Blunt,
US,V40.2XXA,MVT Other,Unintentional,Blunt,
US,V40.3XXA,MVT Other,Unintentional,Blunt,
US,V40.4XXA,MVT Occupant,Unintentional,Blunt,
US,V40.5XXA,MVT Occupant,Unintentional,Blunt,
US,V40.6XXA,MVT Occupant,Unintentional,Blunt,
US,V40.7XXA,MVT Occupant,Unintentional,Blunt,
US,V40.9XXA,MVT Occupant,Unintentional,Blunt,
US,V41.0XXA,MVT Other,Unintentional,Blunt,
US,V41.1XXA,MVT Other,Unintentional,Blunt,
US,V41.2XXA,MVT Other,Unintentional,Blunt,
US,V41.3XXA,MVT Other,Unintentional,Blunt,
US,V41.4XXA,MVT Occupant,Unintentional,Blunt,
US,V41.5XXA,MVT Occupant,Unintentional,Blunt,
US,V41.6XXA,MVT Occupant,Unintentional,Blunt,
US,V41.7XXA,MVT Occupant,Unintentional,Blunt,
US,V41.9XXA,MVT Occupant,Unintentional,Blunt,
US,V42.0XXA,MVT Other,Unintentional,Blunt,
US,V42.1XXA,MVT Other,Unintentional,Blunt,
US,V42.2XXA,MVT Other,Unintentional,Blunt,
US,V42.3XXA,MVT Other,Unintentional,Blunt,
US,V42.4XXA,MVT Occupant,Unintentional,Blunt,
US,V42.5XXA,MVT Occupant,Unintentional,Blunt,
US,V42.6XXA,MVT Occupant,Unintentional,Blunt,
US,V42.7XXA,MVT Occupant,Unintentional,Blunt,
US,V42.9XXA,MVT Occupant,Unintentional,Blunt,
US,V43.01XA,MVT Other,Unintentional,Blunt,
US,V43.02XA,MVT Other,Unintentional,Blunt,
US,V43.03XA,MVT Other,Unintentional,Blunt,
US,V43.04XA,MVT Other,Unintentional,Blunt,
US,V43.11XA,MVT Other,Unintentional,Blunt,
US,V43.12XA,MVT Other,Unintentional,Blunt,
US,V43.13XA,MVT Other,Unintentional,Blunt,
US,V43.14XA,MVT Other,Unintentional,Blunt,
US,V43.21XA,MVT Other,Unintentional,Blunt,
US,V43.22XA,MVT Other,Unintentional,Blunt,
US,V43.23XA,MVT Other,Unintentional,Blunt,
US,V43.24XA,MVT Other,Unintentional,Blunt,
US,V43.31XA,MVT Other,Unintentional,Blunt,
US,V43.32XA,MVT Other,Unintentional,Blunt,
US,V43.33XA,MVT Other,Unintentional,Blunt,
US,V43.34XA,MVT Other,Unintentional,Blunt,
US,V43.41XA,MVT Occupant,Unintentional,Blunt,
US,V43.42XA,MVT Occupant,Unintentional,Blunt,
US,V43.43XA,MVT Occupant,Unintentional,Blunt,
US,V43.44XA,MVT Occupant,Unintentional,Blunt,
US,V43.51XA,MVT Occupant,Unintentional,Blunt,
US,V43.52XA,MVT Occupant,Unintentional,Blunt,
US,V43.53XA,MVT Occupant,Unintentional,Blunt,
US,V43.54XA,MVT Occupant,Unintentional,Blunt,
US,V43.61XA,MVT Occupant,Unintentional,Blunt,
US,V43.62XA,MVT Occupant,Unintentional,Blunt,
US,V43.63XA,MVT Occupant,Unintentional,Blunt,
US,V43.64XA,MVT Occupant,Unintentional,Blunt,
US,V43.71XA,MVT Occupant,Unintentional,Blunt,
US,V43.72XA,MVT Occupant,Unintentional,Blunt,
US,V43.73XA,MVT Occupant,Unintentional,Blunt,
US,V43.74XA,MVT Occupant,Unintentional,Blunt,
US,V43.91XA,MVT Occupant,Unintentional,Blunt,
US,V43.92XA,MVT Occupant,Unintentional,Blunt,
US,V43.93XA,MVT Occupant,Unintentional,Blunt,
US,V43.94XA,MVT Occupant,Unintentional,Blunt,
US,V44.0XXA,MVT Other,Unintentional,Blunt,
US,V44.1XXA,MVT Other,Unintentional,Blunt,
US,V44.2XXA,MVT Other,Unintentional,Blunt,
US,V44.3XXA,MVT Other,Unintentional,Blunt,
US,V44.4XXA,MVT Occupant,Unintentional,Blunt,
US,V44.5XXA,MVT Occupant,Unintentional,Blunt,
US,V44.6XXA,MVT Occupant,Unintentional,Blunt,
US,V44.7XXA,MVT Occupant,Unintentional,Blunt,
US,V44.9XXA,MVT Occupant,Unintentional,Blunt,
US,V45.0XXA,MVT Other,Unintentional,Blunt,
US,V45.1XXA,MVT Other,Unintentional,Blunt,
US,V45.2XXA,MVT Other,Unintentional,Blunt,
US,V45.3XXA,MVT Other,Unintentional,Blunt,
US,V45.4XXA,MVT Occupant,Unintentional,Blunt,
US,V45.5XXA,MVT Occupant,Unintentional,Blunt,
US,V45.6XXA,MVT Occupant,Unintentional,Blunt,
US,V45.7XXA,MVT Occupant,Unintentional,Blunt,
US,V45.9XXA,MVT Occupant,Unintentional,Blunt,
US,V46.0XXA,MVT Other,Unintentional,Blunt,
US,V46.1XXA,MVT Other,Unintentional,Blunt,
US,V46.2XXA,MVT Other,Unintentional,Blunt,
US,V46.3XXA,MVT Other,Unintentional,Blunt,
US,V46.4XXA,MVT Occupant,Unintentional,Blunt,
US,V46.5XXA,MVT Occupant,Unintentional,Blunt,
US,V46.6XXA,MVT Occupant,Unintentional,Blunt,
US,V46.7XXA,MVT Occupant,Unintentional,Blunt,
US,V46.9XXA,MVT Occupant,Unintentional,Blunt,
US,V47.01XA,MVT Other,Unintentional,Blunt,
US,V47.02XA,MVT Other,Unintentional,Blunt,
US,V47.0XXA,MVT Other,Unintentional,Blunt,
US,V47.11XA,MVT Other,Unintentional,Blunt,
US,V47.12XA,MVT Other,Unintentional,Blunt,
US,V47.1XXA,MVT Other,Unintentional,Blunt,
US,V47.2XXA,MVT Other,Unintentional,Blunt,
US,V47.31XA,MVT Other,Unintentional,Blunt,
US,V47.32XA,MVT Other,Unintentional,Blunt,
US,V47.3XXA,MVT Other,Unintentional,Blunt,
US,V47.4XXA,MVT Occupant,Unintentional,Blunt,
US,V47.51XA,MVT Occupant,Unintentional,Blunt,
US,V47.52XA,MVT Occupant,Unintentional,Blunt,
US,V47.5XXA,MVT Occupant,Unintentional,Blunt,
US,V47.61XA,MVT Occupant,Unintentional,Blunt,
US,V47.62XA,MVT Occupant,Unintentional,Blunt,
US,V47.6XXA,MVT Occupant,Unintentional,Blunt,
US,V47.7XXA,MVT Occupant,Unintentional,Blunt,
US,V47.91XA,MVT Occupant,Unintentional,Blunt,
US,V47.92XA,MVT Occupant,Unintentional,Blunt,
US,V47.9XXA,MVT Occupant,Unintentional,Blunt,
US,V48.0XXA,MVT Other,Unintentional,Blunt,
US,V48.1XXA,MVT Other,Unintentional,Blunt,
US,V48.2XXA,MVT Other,Unintentional,Blunt,
US,V48.3XXA,MVT Other,Unintentional,Blunt,
US,V48.4XXA,MVT Occupant,Unintentional,Blunt,
US,V48.5XXA,MVT Occupant,Unintentional,Blunt,
US,V48.6XXA,MVT Occupant,Unintentional,Blunt,
US,V48.7XXA,MVT Occupant,Unintentional,Blunt,
US,V48.9XXA,MVT Occupant,Unintentional,Blunt,
US,V49.00XA,MVT Other,Unintentional,Blunt,
US,V49.09XA,MVT Other,Unintentional,Blunt,
US,V49.10XA,MVT Other,Unintentional,Blunt,
US,V49.19XA,MVT Other,Unintentional,Blunt,
US,V49.20XA,MVT Other,Unintentional,Blunt,
US,V49.29XA,MVT Other,Unintentional,Blunt,
US,V49.3XXA,MVT Other,Unintentional,Blunt,
US,V49.40XA,MVT Occupant,Unintentional,Blunt,
US,V49.49XA,MVT Occupant,Unintentional,Blunt,
US,V49.50XA,MVT Occupant,Unintentional,Blunt,
US,V49.59XA,MVT Occupant,Unintentional,Blunt,
US,V49.60XA,MVT Occupant,Unintentional,Blunt,
US,V49.69XA,MVT Occupant,Unintentional,Blunt,
US,V49.81XA,MVT Occupant,Unintentional,Blunt,
US,V49.88XA,MVT Occupant,Unintentional,Blunt,
US,V49.9XXA,MVT Occupant,Unintentional,Blunt,
US,V50.0XXA,MVT Other,Unintentional,Blunt,
US,V50.1XXA,MVT Other,Unintentional,Blunt,
US,V50.2XXA,MVT Other,Unintentional,Blunt,
US,V50.3XXA,MVT Other,Unintentional,Blunt,
US,V50.4XXA,MVT Occupant,Unintentional,Blunt,
US,V50.5XXA,MVT Occupant,Unintentional,Blunt,
US,V50.6XXA,MVT Occupant,Unintentional,Blunt,
US,V50.7XXA,MVT Occupant,Unintentional,Blunt,
US,V50.9XXA,MVT Occupant,Unintentional,Blunt,
US,V51.0XXA,MVT Other,Unintentional,Blunt,
US,V51.1XXA,MVT Other,Unintentional,Blunt,
US,V51.2XXA,MVT Other,Unintentional,Blunt,
US,V51.3XXA,MVT Other,Unintentional,Blunt,
US,V51.4XXA,MVT Occupant,Unintentional,Blunt,
US,V51.5XXA,MVT Occupant,Unintentional,Blunt,
US,V51.6XXA,MVT Occupant,Unintentional,Blunt,
US,V51.7XXA,MVT Occupant,Unintentional,Blunt,
US,V51.9XXA,MVT Occupant,Unintentional,Blunt,
US,V52.0XXA,MVT Other,Unintentional,Blunt,
US,V52.1XXA,MVT Other,Unintentional,Blunt,
US,V52.2XXA,MVT Other,Unintentional,Blunt,
US,V52.3XXA,MVT Other,Unintentional,Blunt,
US,V52.4XXA,MVT Occupant,Unintentional,Blunt,
US,V52.5XXA,MVT Occupant,Unintentional,Blunt,
US,V52.6XXA,MVT Occupant,Unintentional,Blunt,
US,V52.7XXA,MVT Occupant,Unintentional,Blunt,
US,V52.9XXA,MVT Occupant,Unintentional,Blunt,
US,V53.0XXA,MVT Other,Unintentional,Blunt,
US,V53.1XXA,MVT Other,Unintentional,Blunt,
US,V53.2XXA,MVT Other,Unintentional,Blunt,
US,V53.3XXA,MVT Other,Unintentional,Blunt,
US,V53.4XXA,MVT Occupant,Unintentional,Blunt,
US,V53.5XXA,MVT Occupant,Unintentional,Blunt,
US,V53.6XXA,MVT Occupant,Unintentional,Blunt,
US,V53.7XXA,MVT Occupant,Unintentional,Blunt,
US,V53.9XXA,MVT Occupant,Unintentional,Blunt,
US,V54.0XXA,MVT Other,Unintentional,Blunt,
US,V54.1XXA,MVT Other,Unintentional,Blunt,
US,V54.2XXA,MVT Other,Unintentional,Blunt,
US,V54.3XXA,MVT Other,Unintentional,Blunt,
US,V54.4XXA,MVT Occupant,Unintentional,Blunt,
US,V54.5XXA,MVT Occupant,Unintentional,Blunt,
US,V54.6XXA,MVT Occupant,Unintentional,Blunt,
US,V00.132A,"Struck By, Against",Unintentional,Blunt,
US,V00.138A,Other Specified and Classifiable,Unintentional,Blunt,
US,V00.141A,Fall,Unintentional,Blunt,
US,V00.142A,"Struck By, Against",Unintentional,Blunt,
US,V00.148A,Other Specified and Classifiable,Unintentional,Blunt,
US,V00.151A,Fall,Unintentional,Blunt,
US,V00.152A,"Struck By, Against",Unintentional,Blunt,
US,V00.158A,Other Specified and Classifiable,Unintentional,Blunt,
US,V00.181A,Fall,Unintentional,Blunt,
US,V00.182A,"Struck By, Against",Unintentional,Blunt,
US,V00.188A,Other Specified and Classifiable,Unintentional,Blunt,
US,V00.211A,Fall,Unintentional,Blunt,
US,V00.212A,"Struck By, Against",Unintentional,Blunt,
US,V00.218A,Other Specified and Classifiable,Unintentional,Blunt,
US,V00.221A,Fall,Unintentional,Blunt,
US,V00.222A,"Struck By, Against",Unintentional,Blunt,
US,V00.228A,Other Specified and Classifiable,Unintentional,Blunt,
US,V00.281A,Fall,Unintentional,Blunt,
US,V00.282A,"Struck By, Against",Unintentional,Blunt,
US,V00.288A,Other Specified and Classifiable,Unintentional,Blunt,
US,V00.311A,Fall,Unintentional,Blunt,
US,V00.312A,"Struck By, Against",Unintentional,Blunt,
US,V00.318A,Other Specified and Classifiable,Unintentional,Blunt,
US,V00.31A,"Pedestrian, Other",Unintentional,Blunt,
US,V00.321A,Fall,Unintentional,Blunt,
US,V00.322A,"Struck By, Against",Unintentional,Blunt,
US,V00.328A,Other Specified and Classifiable,Unintentional,Blunt,
US,V00.381A,Fall,Unintentional,Blunt,
US,V00.382A,"Struck By, Against",Unintentional,Blunt,
US,V00.388A,Other Specified and Classifiable,Unintentional,Blunt,
US,V00.811A,Fall,Unintentional,Blunt,
US,V00.812A,"Struck By, Against",Unintentional,Blunt,
US,V00.818A,Other Specified and Classifiable,Unintentional,Blunt,
US,V00.821A,Fall,Unintentional,Blunt,
US,V00.822A,"Struck By, Against",Unintentional,Blunt,
US,V00.828A,Other Specified and Classifiable,Unintentional,Blunt,
US,V00.831A,Fall,Unintentional,Blunt,
US,V00.832A,"Struck By, Against",Unintentional,Blunt,
US,V00.838A,Other Specified and Classifiable,Unintentional,Blunt,
US,V00.841A,Fall,Unintentional,Blunt,
US,V00.842A,"Pedestrian, Other",Unintentional,Blunt,
US,V00.848A,"Pedestrian, Other",Unintentional,Blunt,
US,V00.891A,Fall,Unintentional,Blunt,
US,V00.892A,"Struck By, Against",Unintentional,Blunt,
US,V00.898A,Other Specified and Classifiable,Unintentional,Blunt,
US,V01.00XA,"Pedestrian, Other",Unintentional,Blunt,
US,V01.01XA,"Pedestrian, Other",Unintentional,Blunt,
US,V01.02XA,"Pedestrian, Other",Unintentional,Blunt,
US,V01.031A,"Pedestrian, Other",Unintentional,Blunt,
US,V01.038A,"Pedestrian, Other",Unintentional,Blunt,
US,V01.09XA,"Pedestrian, Other",Unintentional,Blunt,
US,V01.10XA,"Pedestrian, Other",Unintentional,Blunt,
US,V01.11XA,"Pedestrian, Other",Unintentional,Blunt,
US,V01.12XA,"Pedestrian, Other",Unintentional,Blunt,
US,V01.131A,MVT Pedestrian,Unintentional,Blunt,
US,V01.138A,MVT Pedestrian,Unintentional,Blunt,
US,V01.19XA,"Pedestrian, Other",Unintentional,Blunt,
US,V01.90XA,"Pedestrian, Other",Unintentional,Blunt,
US,V01.91XA,"Pedestrian, Other",Unintentional,Blunt,
US,V01.92XA,"Pedestrian, Other",Unintentional,Blunt,
US,V01.931A,"Pedestrian, Other",Unintentional,Blunt,
US,V01.938A,"Pedestrian, Other",Unintentional,Blunt,
US,V01.99XA,"Pedestrian, Other",Unintentional,Blunt,
US,V02.00XA,"Pedestrian, Other",Unintentional,Blunt,
US,V02.01XA,"Pedestrian, Other",Unintentional,Blunt,
US,V02.02XA,"Pedestrian, Other",Unintentional,Blunt,
US,V02.031A,"Pedestrian, Other",Unintentional,Blunt,
US,V02.038A,"Pedestrian, Other",Unintentional,Blunt,
US,V02.09XA,"Pedestrian, Other",Unintentional,Blunt,
US,V02.10XA,MVT Pedestrian,Unintentional,Blunt,
US,V02.11XA,MVT Pedestrian,Unintentional,Blunt,
US,V02.12XA,MVT Pedestrian,Unintentional,Blunt,
US,V02.131A,MVT Pedestrian,Unintentional,Blunt,
US,V02.138A,MVT Pedestrian,Unintentional,Blunt,
US,V02.19XA,MVT Pedestrian,Unintentional,Blunt,
US,V02.90XA,MVT Pedestrian,Unintentional,Blunt,
US,V02.91XA,MVT Pedestrian,Unintentional,Blunt,
US,V02.92XA,MVT Pedestrian,Unintentional,Blunt,
US,V02.931A,"Pedestrian, Other",Unintentional,Blunt,
US,V02.938A,"Pedestrian, Other",Unintentional,Blunt,
US,V02.99XA,MVT Pedestrian,Unintentional,Blunt,
US,V03.00XA,"Pedestrian, Other",Unintentional,Blunt,
US,V03.01XA,"Pedestrian, Other",Unintentional,Blunt,
US,V03.02XA,"Pedestrian, Other",Unintentional,Blunt,
US,V03.031A,"Pedestrian, Other",Unintentional,Blunt,
US,V03.038A,"Pedestrian, Other",Unintentional,Blunt,
US,V03.09XA,"Pedestrian, Other",Unintentional,Blunt,
US,V03.10XA,MVT Pedestrian,Unintentional,Blunt,
US,V03.11XA,MVT Pedestrian,Unintentional,Blunt,
US,V03.12XA,MVT Pedestrian,Unintentional,Blunt,
US,V03.131A,MVT Pedestrian,Unintentional,Blunt,
US,V03.138A,MVT Pedestrian,Unintentional,Blunt,
US,V03.19XA,MVT Pedestrian,Unintentional,Blunt,
US,V03.90XA,MVT Pedestrian,Unintentional,Blunt,
US,V03.91XA,MVT Pedestrian,Unintentional,Blunt,
US,V03.92XA,MVT Pedestrian,Unintentional,Blunt,
US,V03.931A,"Pedestrian, Other",Unintentional,Blunt,
US,V03.938A,"Pedestrian, Other",Unintentional,Blunt,
US,V03.99XA,MVT Pedestrian,Unintentional,Blunt,
US,V04.00XA,"Pedestrian, Other",Unintentional,Blunt,
US,V04.01XA,"Pedestrian, Other",Unintentional,Blunt,
US,V04.02XA,"Pedestrian, Other",Unintentional,Blunt,
US,V04.031A,"Pedestrian, Other",Unintentional,Blunt,
US,V04.038A,"Pedestrian, Other",Unintentional,Blunt,
US,V04.09XA,"Pedestrian, Other",Unintentional,Blunt,
US,V04.10XA,MVT Pedestrian,Unintentional,Blunt,
US,V04.11XA,MVT Pedestrian,Unintentional,Blunt,
US,V04.12XA,MVT Pedestrian,Unintentional,Blunt,
US,V04.131A,MVT Pedestrian,Unintentional,Blunt,
US,V04.138A,MVT Pedestrian,Unintentional,Blunt,
US,V04.19XA,MVT Pedestrian,Unintentional,Blunt,
US,V04.90XA,MVT Pedestrian,Unintentional,Blunt,
US,V04.91XA,MVT Pedestrian,Unintentional,Blunt,
US,V04.92XA,MVT Pedestrian,Unintentional,Blunt,
US,V04.931A,"Pedestrian, Other",Unintentional,Blunt,
US,V04.938A,"Pedestrian, Other",Unintentional,Blunt,
US,V04.99XA,MVT Pedestrian,Unintentional,Blunt,
US,V05.00XA,"Pedestrian, Other",Unintentional,Blunt,
US,V05.01XA,"Pedestrian, Other",Unintentional,Blunt,
US,V05.02XA,"Pedestrian, Other",Unintentional,Blunt,
US,V05.031A,"Pedestrian, Other",Unintentional,Blunt,
US,V05.038A,"Pedestrian, Other",Unintentional,Blunt,
US,V05.09XA,"Pedestrian, Other",Unintentional,Blunt,
US,V05.10XA,"Pedestrian, Other",Unintentional,Blunt,
US,V05.11XA,"Pedestrian, Other",Unintentional,Blunt,
US,V05.12XA,"Pedestrian, Other",Unintentional,Blunt,
US,V05.131A,MVT Pedestrian,Unintentional,Blunt,
US,V05.138A,MVT Pedestrian,Unintentional,Blunt,
US,V05.19XA,"Pedestrian, Other",Unintentional,Blunt,
US,V05.90XA,"Pedestrian, Other",Unintentional,Blunt,
US,V05.91XA,"Pedestrian, Other",Unintentional,Blunt,
US,V05.92XA,"Pedestrian, Other",Unintentional,Blunt,
US,V05.931A,"Pedestrian, Other",Unintentional,Blunt,
US,V05.938A,"Pedestrian, Other",Unintentional,Blunt,
US,V05.99XA,"Pedestrian, Other",Unintentional,Blunt,
US,V06.00XA,"Pedestrian, Other",Unintentional,Blunt,
US,V06.01XA,"Pedestrian, Other",Unintentional,Blunt,
US,V06.02XA,"Pedestrian, Other",Unintentional,Blunt,
US,V06.031A,"Pedestrian, Other",Unintentional,Blunt,
US,V06.038A,"Pedestrian, Other",Unintentional,Blunt,
US,V06.09XA,"Pedestrian, Other",Unintentional,Blunt,
US,V06.10XA,"Pedestrian, Other",Unintentional,Blunt,
US,V06.11XA,"Pedestrian, Other",Unintentional,Blunt,
US,V06.12XA,"Pedestrian, Other",Unintentional,Blunt,
US,V06.131A,MVT Pedestrian,Unintentional,Blunt,
US,V06.138A,MVT Pedestrian,Unintentional,Blunt,
US,V06.19XA,"Pedestrian, Other",Unintentional,Blunt,
US,V06.90XA,"Pedestrian, Other",Unintentional,Blunt,
US,V06.91XA,"Pedestrian, Other",Unintentional,Blunt,
US,V06.92XA,"Pedestrian, Other",Unintentional,Blunt,
US,V06.931A,"Pedestrian, Other",Unintentional,Blunt,
US,V06.938A,"Pedestrian, Other",Unintentional,Blunt,
US,V06.99XA,"Pedestrian, Other",Unintentional,Blunt,
US,V09.00XA,"Pedestrian, Other",Unintentional,Blunt,
US,V09.01XA,"Pedestrian, Other",Unintentional,Blunt,
US,V09.09XA,"Pedestrian, Other",Unintentional,Blunt,
US,V09.1XXA,"Pedestrian, Other",Unintentional,Blunt,
US,V09.20XA,MVT Pedestrian,Unintentional,Blunt,
US,V09.21XA,MVT Pedestrian,Unintentional,Blunt,
US,V09.29XA,MVT Pedestrian,Unintentional,Blunt,
US,V09.3XXA,"Pedestrian, Other",Unintentional,Blunt,
US,V09.9XXA,"Pedestrian, Other",Unintentional,Blunt,
US,V10.0XXA,"Pedal Cyclist, Other",Unintentional,Blunt,
US,V10.1XXA,"Pedal Cyclist, Other",Unintentional,Blunt,
US,V10.2XXA,"Pedal Cyclist, Other",Unintentional,Blunt,
US,V10.3XXA,"Pedal Cyclist, Other",Unintentional,Blunt,
US,V10.4XXA,"Pedal Cyclist, Other",Unintentional,Blunt,
US,V10.5XXA,"Pedal Cyclist, Other",Unintentional,Blunt,
US,V10.9XXA,"Pedal Cyclist, Other",Unintentional,Blunt,
US,V11.0XXA,"Pedal Cyclist, Other",Unintentional,Blunt,
US,V11.1XXA,"Pedal Cyclist, Other",Unintentional,Blunt,
US,V11.2XXA,"Pedal Cyclist, Other",Unintentional,Blunt,
US,V11.3XXA,"Pedal Cyclist, Other",Unintentional,Blunt,
US,V11.4XXA,"Pedal Cyclist, Other",Unintentional,Blunt,
US,V11.5XXA,"Pedal Cyclist, Other",Unintentional,Blunt,
US,V11.9XXA,"Pedal Cyclist, Other",Unintentional,Blunt,
US,V12.0XXA,"Pedal Cyclist, Other",Unintentional,Blunt,
US,V12.1XXA,"Pedal Cyclist, Other",Unintentional,Blunt,
US,V12.2XXA,"Pedal Cyclist, Other",Unintentional,Blunt,
US,V12.3XXA,MVT Pedal Cyclist,Unintentional,Blunt,
US,V12.4XXA,MVT Pedal Cyclist,Unintentional,Blunt,
US,V12.5XXA,MVT Pedal Cyclist,Unintentional,Blunt,
US,V12.9XXA,MVT Pedal Cyclist,Unintentional,Blunt,
US,V13.0XXA,"Pedal Cyclist, Other",Unintentional,Blunt,
US,V13.1XXA,"Pedal Cyclist, Other",Unintentional,Blunt,
US,V13.2XXA,"Pedal Cyclist, Other",Unintentional,Blunt,
US,V13.3XXA,MVT Pedal Cyclist,Unintentional,Blunt,
US,V13.4XXA,MVT Pedal Cyclist,Unintentional,Blunt,
US,V13.5XXA,MVT Pedal Cyclist,Unintentional,Blunt,
US,V13.9XXA,MVT Pedal Cyclist,Unintentional,Blunt,
US,V14.0XXA,"Pedal Cyclist, Other",Unintentional,Blunt,
US,V14.1XXA,"Pedal Cyclist, Other",Unintentional,Blunt,
US,V14.2XXA,"Pedal Cyclist, Other",Unintentional,Blunt,
US,V14.3XXA,MVT Pedal Cyclist,Unintentional,Blunt,
US,V14.4XXA,MVT Pedal Cyclist,Unintentional,Blunt,
US,V14.5XXA,MVT Pedal Cyclist,Unintentional,Blunt,
US,V14.9XXA,MVT Pedal Cyclist,Unintentional,Blunt,
US,V15.0XXA,"Pedal Cyclist, Other",Unintentional,Blunt,
US,V15.1XXA,"Pedal Cyclist, Other",Unintentional,Blunt,
US,V15.2XXA,"Pedal Cyclist, Other",Unintentional,Blunt,
US,V15.3XXA,"Pedal Cyclist, Other",Unintentional,Blunt,
US,V15.4XXA,"Pedal Cyclist, Other",Unintentional,Blunt,
US,V15.5XXA,"Pedal Cyclist, Other",Unintentional,Blunt,
US,V15.9XXA,"Pedal Cyclist, Other",Unintentional,Blunt,
US,V16.0XXA,"Pedal Cyclist, Other",Unintentional,Blunt,
US,V16.1XXA,"Pedal Cyclist, Other",Unintentional,Blunt,
US,V16.2XXA,"Pedal Cyclist, Other",Unintentional,Blunt,
US,V16.3XXA,"Pedal Cyclist, Other",Unintentional,Blunt,
US,V16.4XXA,"Pedal Cyclist, Other",Unintentional,Blunt,
US,V16.5XXA,"Pedal Cyclist, Other",Unintentional,Blunt,
US,V16.9XXA,"Pedal Cyclist, Other",Unintentional,Blunt,
US,V17.0XXA,"Pedal Cyclist, Other",Unintentional,Blunt,
US,V17.1XXA,"Pedal Cyclist, Other",Unintentional,Blunt,
US,V17.2XXA,"Pedal Cyclist, Other",Unintentional,Blunt,
US,V17.3XXA,"Pedal Cyclist, Other",Unintentional,Blunt,
US,V17.4XXA,"Pedal Cyclist, Other",Unintentional,Blunt,
US,V17.5XXA,"Pedal Cyclist, Other",Unintentional,Blunt,
US,V17.9XXA,"Pedal Cyclist, Other",Unintentional,Blunt,
US,V18.0XXA,"Pedal Cyclist, Other",Unintentional,Blunt,
US,V18.1XXA,"Pedal Cyclist, Other",Unintentional,Blunt,
US,V18.2XXA,"Pedal Cyclist, Other",Unintentional,Blunt,
US,V18.3XXA,"Pedal Cyclist, Other",Unintentional,Blunt,
US,V18.4XXA,"Pedal Cyclist, Other",Unintentional,Blunt,
US,V18.5XXA,"Pedal Cyclist, Other",Unintentional,Blunt,
US,V18.9XXA,"Pedal Cyclist, Other",Unintentional,Blunt,
US,V19.00XA,"Pedal Cyclist, Other",Unintentional,Blunt,
US,V19.09XA,"Pedal Cyclist, Other",Unintentional,Blunt,
US,V19.10XA,"Pedal Cyclist, Other",Unintentional,Blunt,
US,V19.19XA,"Pedal Cyclist, Other",Unintentional,Blunt,
US,V19.20XA,"Pedal Cyclist, Other",Unintentional,Blunt,
US,V19.29XA,"Pedal Cyclist, Other",Unintentional,Blunt,
US,V19.3XXA,"Pedal Cyclist, Other",Unintentional,Blunt,
US,V19.40XA,MVT Pedal Cyclist,Unintentional,Blunt,
US,V19.49XA,MVT Pedal Cyclist,Unintentional,Blunt,
US,V19.50XA,MVT Pedal Cyclist,Unintentional,Blunt,
US,V19.59XA,MVT Pedal Cyclist,Unintentional,Blunt,
US,V19.60XA,MVT Pedal Cyclist,Unintentional,Blunt,
US,V19.69XA,MVT Pedal Cyclist,Unintentional,Blunt,
US,V19.81XA,"Pedal Cyclist, Other",Unintentional,Blunt,
US,V19.88XA,"Pedal Cyclist, Other",Unintentional,Blunt,
US,V19.9XXA,MVT Pedal Cyclist,Unintentional,Blunt,
US,V20.0XXA,MVT Other,Unintentional,Blunt,
US,V20.1XXA,MVT Other,Unintentional,Blunt,
US,V20.2XXA,MVT Other,Unintentional,Blunt,
US,V20.3XXA,MVT Motorcyclist,Unintentional,Blunt,
US,V20.4XXA,MVT Motorcyclist,Unintentional,Blunt,
US,V20.5XXA,MVT Motorcyclist,Unintentional,Blunt,
US,V20.9XXA,MVT Motorcyclist,Unintentional,Blunt,
US,V21.0XXA,MVT Other,Unintentional,Blunt,
US,V21.1XXA,MVT Other,Unintentional,Blunt,
US,V21.2XXA,MVT Other,Unintentional,Blunt,
US,V21.3XXA,MVT Motorcyclist,Unintentional,Blunt,
US,V21.4XXA,MVT Motorcyclist,Unintentional,Blunt,
US,V21.5XXA,MVT Motorcyclist,Unintentional,Blunt,
US,Y35.103A,Other Specified and Classifiable,Other,Blunt,
US,Y35.109A,Other Specified and Classifiable,Other,Blunt,
US,Y35.111A,Other Specified and Classifiable,Other,Blunt,
US,Y35.112A,Other Specified and Classifiable,Other,Blunt,
US,Y35.113A,Other Specified and Classifiable,Other,Blunt,
US,Y35.119A,Other Specified and Classifiable,Other,Blunt,
US,Y35.121A,Other Specified and Classifiable,Other,Blunt,
US,Y35.122A,Other Specified and Classifiable,Other,Blunt,
US,Y35.123A,Other Specified and Classifiable,Other,Blunt,
US,Y35.129A,Other Specified and Classifiable,Other,Blunt,
US,Y35.191A,Other Specified and Classifiable,Other,Blunt,
US,Y35.192A,Other Specified and Classifiable,Other,Blunt,
US,Y35.193A,Other Specified and Classifiable,Other,Blunt,
US,Y35.199A,Other Specified and Classifiable,Other,Blunt,
US,Y35.301A,"Struck By, Against",Other,Blunt,
US,Y35.302A,"Struck By, Against",Other,Blunt,
US,Y35.303A,"Struck By, Against",Other,Blunt,
US,Y35.309A,"Struck By, Against",Other,Blunt,
US,Y35.311A,"Struck By, Against",Other,Blunt,
US,Y35.312A,"Struck By, Against",Other,Blunt,
US,Y35.313A,"Struck By, Against",Other,Blunt,
US,Y35.319A,"Struck By, Against",Other,Blunt,
US,Y35.391A,"Struck By, Against",Other,Blunt,
US,Y35.392A,"Struck By, Against",Other,Blunt,
US,Y35.393A,"Struck By, Against",Other,Blunt,
US,Y35.399A,"Struck By, Against",Other,Blunt,
US,Y35.401A,Cut/Pierce,Other,Penetrating,
US,Y35.402A,Cut/Pierce,Other,Penetrating,
US,Y35.403A,Cut/Pierce,Other,Penetrating,
US,Y35.409A,Cut/Pierce,Other,Penetrating,
US,Y35.411A,Cut/Pierce,Other,Penetrating,
US,Y35.412A,Cut/Pierce,Other,Penetrating,
US,Y35.413A,Cut/Pierce,Other,Penetrating,
US,Y35.419A,Cut/Pierce,Other,Penetrating,
US,Y35.491A,Cut/Pierce,Other,Penetrating,
US,Y35.492A,Cut/Pierce,Other,Penetrating,
US,Y35.493A,Cut/Pierce,Other,Penetrating,
US,Y35.499A,Cut/Pierce,Other,Penetrating,
US,Y35.811A,"Struck By, Against",Other,Blunt,
US,Y35.812A,"Struck By, Against",Other,Blunt,
US,Y35.813A,"Struck By, Against",Other,Blunt,
US,Y35.819A,"Struck By, Against",Other,Blunt,
US,Y35.831A,Other Specified and Classifiable,Other,Blunt,
US,Y35.832A,Other Specified and Classifiable,Other,Blunt,
US,Y35.833A,Other Specified and Classifiable,Other,Blunt,
US,Y35.839A,Other Specified and Classifiable,Other,Blunt,
US,Y36.000A,Other Specified and Classifiable,Other,Blunt,
US,Y36.001A,Other Specified and Classifiable,Other,Blunt,
US,Y36.010A,Other Specified and Classifiable,Other,Blunt,
US,Y36.011A,Other Specified and Classifiable,Other,Blunt,
US,Y36.020A,Other Specified and Classifiable,Other,Blunt,
US,Y36.021A,Other Specified and Classifiable,Other,Blunt,
US,Y36.030A,Other Specified and Classifiable,Other,Blunt,
US,Y36.031A,Other Specified and Classifiable,Other,Blunt,
US,Y36.040A,Other Specified and Classifiable,Other,Blunt,
US,Y36.041A,Other Specified and Classifiable,Other,Blunt,
US,Y36.050A,Other Specified and Classifiable,Other,Blunt,
US,Y36.051A,Other Specified and Classifiable,Other,Blunt,
US,Y36.090A,Other Specified and Classifiable,Other,Blunt,
US,Y36.091A,Other Specified and Classifiable,Other,Blunt,
US,Y36.100A,"Transport, Other",Other,Blunt,
US,Y36.101A,"Transport, Other",Other,Blunt,
US,Y36.110A,"Transport, Other",Other,Blunt,
US,Y36.111A,"Transport, Other",Other,Blunt,
US,Y36.120A,"Transport, Other",Other,Blunt,
US,Y36.121A,"Transport, Other",Other,Blunt,
US,Y36.140A,"Transport, Other",Other,Blunt,
US,Y36.141A,"Transport, Other",Other,Blunt,
US,Y36.190A,"Transport, Other",Other,Blunt,
US,Y36.191A,"Transport, Other",Other,Blunt,
US,Y36.200A,Other Specified and Classifiable,Other,Blunt,
US,Y36.201A,Other Specified and Classifiable,Other,Blunt,
US,Y36.210A,Other Specified and Classifiable,Other,Blunt,
US,Y36.211A,Other Specified and Classifiable,Other,Blunt,
US,Y36.220A,Other Specified and Classifiable,Other,Blunt,
US,Y36.221A,Other Specified and Classifiable,Other,Blunt,
US,Y36.230A,Other Specified and Classifiable,Other,Blunt,
US,Y36.231A,Other Specified and Classifiable,Other,Blunt,
US,Y36.240A,Other Specified and Classifiable,Other,Blunt,
US,Y36.241A,Other Specified and Classifiable,Other,Blunt,
US,Y36.250A,Other Specified and Classifiable,Other,Blunt,
US,Y36.251A,Other Specified and Classifiable,Other,Blunt,
US,Y36.260A,Other Specified and Classifiable,Other,Blunt,
US,Y36.261A,Other Specified and Classifiable,Other,Blunt,
US,Y36.270A,Other Specified and Classifiable,Other,Blunt,
US,Y36.271A,Other Specified and Classifiable,Other,Blunt,
US,Y36.290A,Other Specified and Classifiable,Other,Blunt,
US,Y36.291A,Other Specified and Classifiable,Other,Blunt,
US,Y36.310A,Other Specified and Classifiable,Other,Blunt,
US,Y36.311A,Other Specified and Classifiable,Other,Blunt,
CA,V010,"Pedestrian, Other",Unintentional,Blunt,
CA,V011,"Pedestrian, Other",Unintentional,Blunt,
CA,V019,"Pedestrian, Other",Unintentional,Blunt,
CA,V020,MVT Pedestrian,Unintentional,Blunt,
CA,V021,MVT Pedestrian,Unintentional,Blunt,
CA,V029,MVT Pedestrian,Unintentional,Blunt,
CA,V030,MVT Pedestrian,Unintentional,Blunt,
CA,V031,MVT Pedestrian,Unintentional,Blunt,
CA,V039,MVT Pedestrian,Unintentional,Blunt,
CA,V040,MVT Pedestrian,Unintentional,Blunt,
CA,V041,MVT Pedestrian,Unintentional,Blunt,
CA,V049,MVT Pedestrian,Unintentional,Blunt,
CA,V050,MVT Pedestrian,Unintentional,Blunt,
CA,V051,MVT Pedestrian,Unintentional,Blunt,
CA,V059,MVT Pedestrian,Unintentional,Blunt,
CA,V060,MVT Pedestrian,Unintentional,Blunt,
CA,V061,MVT Pedestrian,Unintentional,Blunt,
CA,V069,MVT Pedestrian,Unintentional,Blunt,
CA,V090,MVT Pedestrian,Unintentional,Blunt,
CA,V091,MVT Pedestrian,Unintentional,Blunt,
CA,V092,MVT Pedestrian,Unintentional,Blunt,
CA,V093,MVT Pedestrian,Unintentional,Blunt,
CA,V099,MVT Pedestrian,Unintentional,Blunt,
CA,V100,"Pedal Cyclist, Other",Unintentional,Blunt,
CA,V101,"Pedal Cyclist, Other",Unintentional,Blunt,
CA,V102,"Pedal Cyclist, Other",Unintentional,Blunt,
CA,V103,"Pedal Cyclist, Other",Unintentional,Blunt,
CA,V104,"Pedal Cyclist, Other",Unintentional,Blunt,
CA,V105,"Pedal Cyclist, Other",Unintentional,Blunt,
CA,V109,"Pedal Cyclist, Other",Unintentional,Blunt,
CA,V110,"Pedal Cyclist, Other",Unintentional,Blunt,
CA,V111,"Pedal Cyclist, Other",Unintentional,Blunt,
CA,V112,"Pedal Cyclist, Other",Unintentional,Blunt,
CA,V113,"Pedal Cyclist, Other",Unintentional,Blunt,
CA,V114,"Pedal Cyclist, Other",Unintentional,Blunt,
CA,V115,"Pedal Cyclist, Other",Unintentional,Blunt,
CA,V119,"Pedal Cyclist, Other",Unintentional,Blunt,
CA,V120,MVT Pedal Cyclist,Unintentional,Blunt,
CA,V121,MVT Pedal Cyclist,Unintentional,Blunt,
CA,V122,MVT Pedal Cyclist,Unintentional,Blunt,
CA,V123,MVT Pedal Cyclist,Unintentional,Blunt,
CA,V124,MVT Pedal Cyclist,Unintentional,Blunt,
CA,V125,MVT Pedal Cyclist,Unintentional,Blunt,
CA,V129,MVT Pedal Cyclist,Unintentional,Blunt,
CA,V130,MVT Pedal Cyclist,Unintentional,Blunt,
CA,V131,MVT Pedal Cyclist,Unintentional,Blunt,
CA,V132,MVT Pedal Cyclist,Unintentional,Blunt,
CA,V133,MVT Pedal Cyclist,Unintentional,Blunt,
CA,V134,MVT Pedal Cyclist,Unintentional,Blunt,
CA,V135,MVT Pedal Cyclist,Unintentional,Blunt,
CA,V139,MVT Pedal Cyclist,Unintentional,Blunt,
CA,V140,MVT Pedal Cyclist,Unintentional,Blunt,
CA,V141,MVT Pedal Cyclist,Unintentional,Blunt,
CA,V142,MVT Pedal Cyclist,Unintentional,Blunt,
CA,V143,MVT Pedal Cyclist,Unintentional,Blunt,
CA,V144,MVT Pedal Cyclist,Unintentional,Blunt,
CA,V145,MVT Pedal Cyclist,Unintentional,Blunt,
CA,V149,MVT Pedal Cyclist,Unintentional,Blunt,
CA,V150,"Pedal Cyclist, Other",Unintentional,Blunt,
CA,V151,"Pedal Cyclist, Other",Unintentional,Blunt,
CA,V152,"Pedal Cyclist, Other",Unintentional,Blunt,
CA,V153,"Pedal Cyclist, Other",Unintentional,Blunt,
CA,V154,"Pedal Cyclist, Other",Unintentional,Blunt,
CA,V155,"Pedal Cyclist, Other",Unintentional,Blunt,
CA,V159,"Pedal Cyclist, Other",Unintentional,Blunt,
CA,V160,"Pedal Cyclist, Other",Unintentional,Blunt,
CA,V161,"Pedal Cyclist, Other",Unintentional,Blunt,
CA,V162,"Pedal Cyclist, Other",Unintentional,Blunt,
CA,V163,"Pedal Cyclist, Other",Unintentional,Blunt,
CA,V164,"Pedal Cyclist, Other",Unintentional,Blunt,
CA,V165,"Pedal Cyclist, Other",Unintentional,Blunt,
CA,V169,"Pedal Cyclist, Other",Unintentional,Blunt,
CA,V170,"Pedal Cyclist, Other",Unintentional,Blunt,
CA,V171,"Pedal Cyclist, Other",Unintentional,Blunt,
CA,V172,"Pedal Cyclist, Other",Unintentional,Blunt,
CA,V173,"Pedal Cyclist, Other",Unintentional,Blunt,
CA,V174,"Pedal Cyclist, Other",Unintentional,Blunt,
CA,V175,"Pedal Cyclist, Other",Unintentional,Blunt,
CA,V179,"Pedal Cyclist, Other",Unintentional,Blunt,
CA,V180,"Pedal Cyclist, Other",Unintentional,Blunt,
CA,V181,"Pedal Cyclist, Other",Unintentional,Blunt,
CA,V182,"Pedal Cyclist, Other",Unintentional,Blunt,
CA,V183,"Pedal Cyclist, Other",Unintentional,Blunt,
CA,V184,"Pedal Cyclist, Other",Unintentional,Blunt,
CA,V185,"Pedal Cyclist, Other",Unintentional,Blunt,
CA,V189,"Pedal Cyclist, Other",Unintentional,Blunt,
CA,V190,MVT Pedal Cyclist,Unintentional,Blunt,
CA,V191,MVT Pedal Cyclist,Unintentional,Blunt,
CA,V192,MVT Pedal Cyclist,Unintentional,Blunt,
CA,V193,"Pedal Cyclist, Other",Unintentional,Blunt,
CA,V194,MVT Pedal Cyclist,Unintentional,Blunt,
CA,V195,MVT Pedal Cyclist,Unintentional,Blunt,
CA,V196,MVT Pedal Cyclist,Unintentional,Blunt,
CA,V198,"Pedal Cyclist, Other",Unintentional,Blunt,
CA,V199,"Pedal Cyclist, Other",Unintentional,Blunt,
CA,V200,MVT Motorcyclist,Unintentional,Blunt,
CA,V201,MVT Motorcyclist,Unintentional,Blunt,
CA,V202,MVT Motorcyclist,Unintentional,Blunt,
CA,V203,MVT Motorcyclist,Unintentional,Blunt,
CA,V204,MVT Motorcyclist,Unintentional,Blunt,
CA,V205,MVT Motorcyclist,Unintentional,Blunt,
CA,V209,MVT Motorcyclist,Unintentional,Blunt,
CA,V210,MVT Motorcyclist,Unintentional,Blunt,
CA,V211,MVT Motorcyclist,Unintentional,Blunt,
CA,V212,MVT Motorcyclist,Unintentional,Blunt,
CA,V213,MVT Motorcyclist,Unintentional,Blunt,
CA,V214,MVT Motorcyclist,Unintentional,Blunt,
CA,V215,MVT Motorcyclist,Unintentional,Blunt,
CA,V219,MVT Motorcyclist,Unintentional,Blunt,
CA,V220,MVT Motorcyclist,Unintentional,Blunt,
CA,V221,MVT Motorcyclist,Unintentional,Blunt,
CA,V222,MVT Motorcyclist,Unintentional,Blunt,
CA,V223,MVT Motorcyclist,Unintentional,Blunt,
CA,V224,MVT Motorcyclist,Unintentional,Blunt,
CA,V225,MVT Motorcyclist,Unintentional,Blunt,
CA,V229,MVT Motorcyclist,Unintentional,Blunt,
CA,V230,MVT Motorcyclist,Unintentional,Blunt,
CA,V231,MVT Motorcyclist,Unintentional,Blunt,
CA,V232,MVT Motorcyclist,Unintentional,Blunt,
CA,V233,MVT Motorcyclist,Unintentional,Blunt,
CA,V234,MVT Motorcyclist,Unintentional,Blunt,
CA,V235,MVT Motorcyclist,Unintentional,Blunt,
CA,V239,MVT Motorcyclist,Unintentional,Blunt,
CA,V240,MVT Motorcyclist,Unintentional,Blunt,
CA,V241,MVT Motorcyclist,Unintentional,Blunt,
CA,V242,MVT Motorcyclist,Unintentional,Blunt,
CA,V243,MVT Motorcyclist,Unintentional,Blunt,
CA,V244,MVT Motorcyclist,Unintentional,Blunt,
CA,V245,MVT Motorcyclist,Unintentional,Blunt,
CA,V249,MVT Motorcyclist,Unintentional,Blunt,
CA,V250,MVT Motorcyclist,Unintentional,Blunt,
CA,V251,MVT Motorcyclist,Unintentional,Blunt,
CA,V252,MVT Motorcyclist,Unintentional,Blunt,
CA,V253,MVT Motorcyclist,Unintentional,Blunt,
CA,V254,MVT Motorcyclist,Unintentional,Blunt,
CA,V255,MVT Motorcyclist,Unintentional,Blunt,
CA,V259,MVT Motorcyclist,Unintentional,Blunt,
CA,V260,MVT Motorcyclist,Unintentional,Blunt,
CA,V261,MVT Motorcyclist,Unintentional,Blunt,
CA,V262,MVT Motorcyclist,Unintentional,Blunt,
CA,V263,MVT Motorcyclist,Unintentional,Blunt,
CA,V264,MVT Motorcyclist,Unintentional,Blunt,
CA,V265,MVT Motorcyclist,Unintentional,Blunt,
CA,V269,MVT Motorcyclist,Unintentional,Blunt,
CA,V270,MVT Motorcyclist,Unintentional,Blunt,
CA,V271,MVT Motorcyclist,Unintentional,Blunt,
CA,V272,MVT Motorcyclist,Unintentional,Blunt,
CA,V273,MVT Motorcyclist,Unintentional,Blunt,
CA,V274,MVT Motorcyclist,Unintentional,Blunt,
CA,V275,MVT Motorcyclist,Unintentional,Blunt,
CA,V279,MVT Motorcyclist,Unintentional,Blunt,
CA,V280,MVT Motorcyclist,Unintentional,Blunt,
CA,V281,MVT Motorcyclist,Unintentional,Blunt,
CA,V282,MVT Motorcyclist,Unintentional,Blunt,
CA,V283,MVT Motorcyclist,Unintentional,Blunt,
CA,V284,MVT Motorcyclist,Unintentional,Blunt,
CA,V285,MVT Motorcyclist,Unintentional,Blunt,
CA,V289,MVT Motorcyclist,Unintentional,Blunt,
CA,V290,MVT Motorcyclist,Unintentional,Blunt,
CA,V291,MVT Motorcyclist,Unintentional,Blunt,
CA,V292,MVT Motorcyclist,Unintentional,Blunt,
CA,V293,MVT Motorcyclist,Unintentional,Blunt,
CA,V294,MVT Motorcyclist,Unintentional,Blunt,
CA,V295,MVT Motorcyclist,Unintentional,Blunt,
CA,V296,MVT Motorcyclist,Unintentional,Blunt,
CA,V298,MVT Motorcyclist,Unintentional,Blunt,
CA,V299,MVT Motorcyclist,Unintentional,Blunt,
CA,V300,MVT Occupant,Unintentional,Blunt,
CA,V301,MVT Occupant,Unintentional,Blunt,
CA,V302,MVT Occupant,Unintentional,Blunt,
CA,V303,MVT Occupant,Unintentional,Blunt,
CA,V304,MVT Occupant,Unintentional,Blunt,
CA,V305,MVT Occupant,Unintentional,Blunt,
CA,V306,MVT Occupant,Unintentional,Blunt,
CA,V307,MVT Occupant,Unintentional,Blunt,
CA,V309,MVT Occupant,Unintentional,Blunt,
CA,V310,MVT Occupant,Unintentional,Blunt,
CA,V311,MVT Occupant,Unintentional,Blunt,
CA,V312,MVT Occupant,Unintentional,Blunt,
CA,V313,MVT Occupant,Unintentional,Blunt,
CA,V314,MVT Occupant,Unintentional,Blunt,
CA,V315,MVT Occupant,Unintentional,Blunt,
CA,V316,MVT Occupant,Unintentional,Blunt,
CA,V317,MVT Occupant,Unintentional,Blunt,
CA,V319,MVT Occupant,Unintentional,Blunt,
CA,V320,MVT Occupant,Unintentional,Blunt,
CA,V321,MVT Occupant,Unintentional,Blunt,
CA,V322,MVT Occupant,Unintentional,Blunt,
CA,V323,MVT Occupant,Unintentional,Blunt,
CA,V324,MVT Occupant,Unintentional,Blunt,
CA,V325,MVT Occupant,Unintentional,Blunt,
CA,V326,MVT Occupant,Unintentional,Blunt,
CA,V327,MVT Occupant,Unintentional,Blunt,
CA,V329,MVT Occupant,Unintentional,Blunt,
CA,V330,MVT Occupant,Unintentional,Blunt,
CA,V331,MVT Occupant,Unintentional,Blunt,
CA,V332,MVT Occupant,Unintentional,Blunt,
CA,V333,MVT Occupant,Unintentional,Blunt,
CA,V334,MVT Occupant,Unintentional,Blunt,
CA,V335,MVT Occupant,Unintentional,Blunt,
CA,V336,MVT Occupant,Unintentional,Blunt,
CA,V337,MVT Occupant,Unintentional,Blunt,
CA,V339,MVT Occupant,Unintentional,Blunt,
CA,V340,MVT Occupant,Unintentional,Blunt,
CA,V341,MVT Occupant,Unintentional,Blunt,
CA,V342,MVT Occupant,Unintentional,Blunt,
CA,V343,MVT Occupant,Unintentional,Blunt,
CA,V344,MVT Occupant,Unintentional,Blunt,
CA,V345,MVT Occupant,Unintentional,Blunt,
CA,V346,MVT Occupant,Unintentional,Blunt,
CA,V347,MVT Occupant,Unintentional,Blunt,
CA,V349,MVT Occupant,Unintentional,Blunt,
CA,V350,MVT Occupant,Unintentional,Blunt,
CA,V351,MVT Occupant,Unintentional,Blunt,
CA,V352,MVT Occupant,Unintentional,Blunt,
CA,V353,MVT Occupant,Unintentional,Blunt,
CA,V354,MVT Occupant,Unintentional,Blunt,
CA,V355,MVT Occupant,Unintentional,Blunt,
CA,V356,MVT Occupant,Unintentional,Blunt,
CA,V357,MVT Occupant,Unintentional,Blunt,
CA,V359,MVT Occupant,Unintentional,Blunt,
CA,V360,MVT Occupant,Unintentional,Blunt,
CA,V361,MVT Occupant,Unintentional,Blunt,
CA,V362,MVT Occupant,Unintentional,Blunt,
CA,V363,MVT Occupant,Unintentional,Blunt,
CA,V364,MVT Occupant,Unintentional,Blunt,
CA,V365,MVT Occupant,Unintentional,Blunt,
CA,V366,MVT Occupant,Unintentional,Blunt,
CA,V367,MVT Occupant,Unintentional,Blunt,
CA,V369,MVT Occupant,Unintentional,Blunt,
CA,V370,MVT Occupant,Unintentional,Blunt,
CA,V371,MVT Occupant,Unintentional,Blunt,
CA,V372,MVT Occupant,Unintentional,Blunt,
CA,V373,MVT Occupant,Unintentional,Blunt,
CA,V374,MVT Occupant,Unintentional,Blunt,
CA,V375,MVT Occupant,Unintentional,Blunt,
CA,V376,MVT Occupant,Unintentional,Blunt,
CA,V377,MVT Occupant,Unintentional,Blunt,
CA,V379,MVT Occupant,Unintentional,Blunt,
CA,V380,MVT Occupant,Unintentional,Blunt,
CA,V381,MVT Occupant,Unintentional,Blunt,
CA,V382,MVT Occupant,Unintentional,Blunt,
CA,V383,MVT Occupant,Unintentional,Blunt,
CA,V384,MVT Occupant,Unintentional,Blunt,
CA,V385,MVT Occupant,Unintentional,Blunt,
CA,V386,MVT Occupant,Unintentional,Blunt,
CA,V387,MVT Occupant,Unintentional,Blunt,
CA,V389,MVT Occupant,Unintentional,Blunt,
CA,V390,MVT Occupant,Unintentional,Blunt,
CA,V391,MVT Occupant,Unintentional,Blunt,
CA,V392,MVT Occupant,Unintentional,Blunt,
CA,V393,MVT Occupant,Unintentional,Blunt,
CA,V394,MVT Occupant,Unintentional,Blunt,
CA,V395,MVT Occupant,Unintentional,Blunt,
CA,V396,MVT Occupant,Unintentional,Blunt,
CA,V398,MVT Occupant,Unintentional,Blunt,
CA,V399,MVT Occupant,Unintentional,Blunt,
CA,V400,MVT Other,Unintentional,Blunt,
CA,V401,MVT Other,Unintentional,Blunt,
CA,V402,MVT Other,Unintentional,Blunt,
CA,V403,MVT Other,Unintentional,Blunt,
CA,V404,MVT Occupant,Unintentional,Blunt,
CA,V405,MVT Occupant,Unintentional,Blunt,
CA,V406,MVT Occupant,Unintentional,Blunt,
CA,V407,MVT Occupant,Unintentional,Blunt,
CA,V409,MVT Occupant,Unintentional,Blunt,
CA,V410,MVT Other,Unintentional,Blunt,
CA,V411,MVT Other,Unintentional,Blunt,
CA,V412,MVT Other,Unintentional,Blunt,
CA,V413,MVT Other,Unintentional,Blunt,
CA,V414,MVT Occupant,Unintentional,Blunt,
CA,V415,MVT Occupant,Unintentional,Blunt,
CA,V416,MVT Occupant,Unintentional,Blunt,
CA,V417,MVT Occupant,Unintentional,Blunt,
CA,V419,MVT Occupant,Unintentional,Blunt,
CA,V420,MVT Other,Unintentional,Blunt,
CA,V421,MVT Other,Unintentional,Blunt,
CA,V422,MVT Other,Unintentional,Blunt,
CA,V423,MVT Other,Unintentional,Blunt,
CA,V424,MVT Occupant,Unintentional,Blunt,
CA,V425,MVT Occupant,Unintentional,Blunt,
CA,V426,MVT Occupant,Unintentional,Blunt,
CA,V427,MVT Occupant,Unintentional,Blunt,
CA,V429,MVT Occupant,Unintentional,Blunt,
CA,V430,MVT Other,Unintentional,Blunt,
CA,V431,MVT Other,Unintentional,Blunt,
CA,V432,MVT Other,Unintentional,Blunt,
CA,V433,MVT Other,Unintentional,Blunt,
CA,V434,MVT Other,Unintentional,Blunt,
CA,V435,MVT Occupant,Unintentional,Blunt,
CA,V436,MVT Occupant,Unintentional,Blunt,
CA,V437,MVT Occupant,Unintentional,Blunt,
CA,V439,MVT Occupant,Unintentional,Blunt,
CA,V440,MVT Other,Unintentional,Blunt,
CA,V441,MVT Other,Unintentional,Blunt,
CA,V442,MVT Other,Unintentional,Blunt,
CA,V443,MVT Other,Unintentional,Blunt,
CA,V444,MVT Occupant,Unintentional,Blunt,
CA,V445,MVT Occupant,Unintentional,Blunt,
CA,V446,MVT Occupant,Unintentional,Blunt,
CA,V447,MVT Occupant,Unintentional,Blunt,
CA,V449,MVT Occupant,Unintentional,Blunt,
CA,V450,MVT Other,Unintentional,Blunt,
CA,V451,MVT Other,Unintentional,Blunt,
CA,V452,MVT Other,Unintentional,Blunt,
CA,V453,MVT Other,Unintentional,Blunt,
CA,V454,MVT Occupant,Unintentional,Blunt,
CA,V455,MVT Occupant,Unintentional,Blunt,
CA,V456,MVT Occupant,Unintentional,Blunt,
CA,V457,MVT Occupant,Unintentional,Blunt,
CA,V459,MVT Occupant,Unintentional,Blunt,
CA,V460,MVT Other,Unintentional,Blunt,
CA,V461,MVT Other,Unintentional,Blunt,
CA,V462,MVT Other,Unintentional,Blunt,
CA,V463,MVT Other,Unintentional,Blunt,
CA,V464,MVT Occupant,Unintentional,Blunt,
CA,V465,MVT Occupant,Unintentional,Blunt,
CA,V466,MVT Occupant,Unintentional,Blunt,
CA,V467,MVT Occupant,Unintentional,Blunt,
CA,V469,MVT Occupant,Unintentional,Blunt,
CA,V470,MVT Other,Unintentional,Blunt,
CA,V471,MVT Other,Unintentional,Blunt,
CA,V472,MVT Other,Unintentional,Blunt,
CA,V473,MVT Occupant,Unintentional,Blunt,
CA,V474,MVT Occupant,Unintentional,Blunt,
CA,V475,MVT Occupant,Unintentional,Blunt,
CA,V476,MVT Occupant,Unintentional,Blunt,
CA,V477,MVT Occupant,Unintentional,Blunt,
CA,V479,MVT Occupant,Unintentional,Blunt,
CA,V480,MVT Other,Unintentional,Blunt,
CA,V481,MVT Other,Unintentional,Blunt,
CA,V482,MVT Other,Unintentional,Blunt,
CA,V483,MVT Other,Unintentional,Blunt,
CA,V484,MVT Occupant,Unintentional,Blunt,
CA,V485,MVT Occupant,Unintentional,Blunt,
CA,V486,MVT Occupant,Unintentional,Blunt,
CA,V487,MVT Occupant,Unintentional,Blunt,
CA,V489,MVT Occupant,Unintentional,Blunt,
CA,V490,MVT Other,Unintentional,Blunt,
CA,V491,MVT Other,Unintentional,Blunt,
CA,V492,MVT Other,Unintentional,Blunt,
CA,V493,MVT Other,Unintentional,Blunt,
CA,V494,MVT Occupant,Unintentional,Blunt,
CA,V495,MVT Occupant,Unintentional,Blunt,
CA,V496,MVT Occupant,Unintentional,Blunt,
CA,V498,MVT Occupant,Unintentional,Blunt,
CA,V499,MVT Occupant,Unintentional,Blunt,
CA,V500,MVT Other,Unintentional,Blunt,
CA,V501,MVT Other,Unintentional,Blunt,
CA,V502,MVT Other,Unintentional,Blunt,
CA,V503,MVT Other,Unintentional,Blunt,
CA,V504,MVT Occupant,Unintentional,Blunt,
CA,V505,MVT Occupant,Unintentional,Blunt,
CA,V506,MVT Occupant,Unintentional,Blunt,
CA,V507,MVT Occupant,Unintentional,Blunt,
CA,V509,MVT Occupant,Unintentional,Blunt,
CA,V510,MVT Other,Unintentional,Blunt,
CA,V511,MVT Other,Unintentional,Blunt,
CA,V512,MVT Other,Unintentional,Blunt,
CA,V513,MVT Other,Unintentional,Blunt,
CA,V514,MVT Occupant,Unintentional,Blunt,
CA,V515,MVT Occupant,Unintentional,Blunt,
CA,V516,MVT Occupant,Unintentional,Blunt,
CA,V517,MVT Occupant,Unintentional,Blunt,
CA,V519,MVT Occupant,Unintentional,Blunt,
CA,V520,MVT Other,Unintentional,Blunt,
CA,V521,MVT Other,Unintentional,Blunt,
CA,V522,MVT Other,Unintentional,Blunt,
CA,V523,MVT Other,Unintentional,Blunt,
CA,V524,MVT Occupant,Unintentional,Blunt,
CA,V525,MVT Occupant,Unintentional,Blunt,
CA,V526,MVT Occupant,Unintentional,Blunt,
CA,V527,MVT Occupant,Unintentional,Blunt,
CA,V529,MVT Occupant,Unintentional,Blunt,
CA,V530,MVT Other,Unintentional,Blunt,
CA,V531,MVT Other,Unintentional,Blunt,
CA,V532,MVT Other,Unintentional,Blunt,
CA,V533,MVT Other,Unintentional,Blunt,
CA,V534,MVT Occupant,Unintentional,Blunt,
CA,V535,MVT Occupant,Unintentional,Blunt,
CA,V536,MVT Occupant,Unintentional,Blunt,
CA,V537,MVT Occupant,Unintentional,Blunt,
CA,V539,MVT Occupant,Unintentional,Blunt,
CA,V540,MVT Other,Unintentional,Blunt,
CA,V541,MVT Other,Unintentional,Blunt,
CA,V542,MVT Other,Unintentional,Blunt,
CA,V543,MVT Other,Unintentional,Blunt,
CA,V544,MVT Occupant,Unintentional,Blunt,
CA,V545,MVT Occupant,Unintentional,Blunt,
CA,V546,MVT Occupant,Unintentional,Blunt,
CA,V547,MVT Occupant,Unintentional,Blunt,
CA,V549,MVT Occupant,Unintentional,Blunt,
CA,V550,MVT Other,Unintentional,Blunt,
CA,V551,MVT Other,Unintentional,Blunt,
CA,V552,MVT Other,Unintentional,Blunt,
CA,V553,MVT Other,Unintentional,Blunt,
CA,V554,MVT Occupant,Unintentional,Blunt,
CA,V555,MVT Occupant,Unintentional,Blunt,
CA,V556,MVT Occupant,Unintentional,Blunt,
CA,V557,MVT Occupant,Unintentional,Blunt,
CA,V559,MVT Occupant,Unintentional,Blunt,
CA,V560,MVT Other,Unintentional,Blunt,
CA,V561,MVT Other,Unintentional,Blunt,
CA,V562,MVT Other,Unintentional,Blunt,
CA,V563,MVT Other,Unintentional,Blunt,
CA,V564,MVT Occupant,Unintentional,Blunt,
CA,V565,MVT Occupant,Unintentional,Blunt,
CA,V566,MVT Occupant,Unintentional,Blunt,
CA,V567,MVT Occupant,Unintentional,Blunt,
CA,V569,MVT Occupant,Unintentional,Blunt,
CA,V570,MVT Other,Unintentional,Blunt,
CA,V571,MVT Other,Unintentional,Blunt,
CA,V572,MVT Other,Unintentional,Blunt,
CA,V573,MVT Other,Unintentional,Blunt,
CA,V574,MVT Occupant,Unintentional,Blunt,
CA,V575,MVT Occupant,Unintentional,Blunt,
CA,V576,MVT Occupant,Unintentional,Blunt,
CA,V577,MVT Occupant,Unintentional,Blunt,
CA,V579,MVT Occupant,Unintentional,Blunt,
CA,V580,MVT Other,Unintentional,Blunt,
CA,V581,MVT Other,Unintentional,Blunt,
CA,V582,MVT Other,Unintentional,Blunt,
CA,V583,MVT Other,Unintentional,Blunt,
CA,V584,MVT Occupant,Unintentional,Blunt,
CA,V585,MVT Occupant,Unintentional,Blunt,
CA,V586,MVT Occupant,Unintentional,Blunt,
CA,V587,MVT Occupant,Unintentional,Blunt,
CA,V589,MVT Occupant,Unintentional,Blunt,
CA,V590,MVT Other,Unintentional,Blunt,
CA,V591,MVT Other,Unintentional,Blunt,
CA,V592,MVT Other,Unintentional,Blunt,
CA,V593,MVT Other,Unintentional,Blunt,
CA,V594,MVT Occupant,Unintentional,Blunt,
CA,V595,MVT Occupant,Unintentional,Blunt,
CA,V596,MVT Occupant,Unintentional,Blunt,
CA,V598,MVT Occupant,Unintentional,Blunt,
CA,V599,MVT Occupant,Unintentional,Blunt,
CA,V600,MVT Other,Unintentional,Blunt,
CA,V601,MVT Other,Unintentional,Blunt,
CA,V602,MVT Other,Unintentional,Blunt,
CA,V603,MVT Other,Unintentional,Blunt,
CA,V604,MVT Occupant,Unintentional,Blunt,
CA,V605,MVT Occupant,Unintentional,Blunt,
CA,V606,MVT Occupant,Unintentional,Blunt,
CA,V607,MVT Occupant,Unintentional,Blunt,
CA,V609,MVT Occupant,Unintentional,Blunt,
CA,V610,MVT Other,Unintentional,Blunt,
CA,V611,MVT Other,Unintentional,Blunt,
CA,V612,MVT Other,Unintentional,Blunt,
CA,V613,MVT Other,Unintentional,Blunt,
CA,V614,MVT Occupant,Unintentional,Blunt,
CA,V615,MVT Occupant,Unintentional,Blunt,
CA,V616,MVT Occupant,Unintentional,Blunt,
CA,V617,MVT Occupant,Unintentional,Blunt,
CA,V619,MVT Occupant,Unintentional,Blunt,
CA,V620,MVT Other,Unintentional,Blunt,
CA,V621,MVT Other,Unintentional,Blunt,
CA,V622,MVT Other,Unintentional,Blunt,
CA,V623,MVT Other,Unintentional,Blunt,
CA,V624,MVT Occupant,Unintentional,Blunt,
CA,V625,MVT Occupant,Unintentional,Blunt,
CA,V626,MVT Occupant,Unintentional,Blunt,
CA,V627,MVT Occupant,Unintentional,Blunt,
CA,V629,MVT Occupant,Unintentional,Blunt,
CA,V630,MVT Other,Unintentional,Blunt,
CA,V631,MVT Other,Unintentional,Blunt,
CA,V632,MVT Other,Unintentional,Blunt,
CA,V633,MVT Other,Unintentional,Blunt,
CA,V634,MVT Occupant,Unintentional,Blunt,
CA,V635,MVT Occupant,Unintentional,Blunt,
CA,V636,MVT Occupant,Unintentional,Blunt,
CA,V637,MVT Occupant,Unintentional,Blunt,
CA,V639,MVT Occupant,Unintentional,Blunt,
CA,V640,MVT Other,Unintentional,Blunt,
CA,V641,MVT Other,Unintentional,Blunt,
CA,V642,MVT Other,Unintentional,Blunt,
CA,V643,MVT Other,Unintentional,Blunt,
CA,V644,MVT Occupant,Unintentional,Blunt,
CA,V645,MVT Occupant,Unintentional,Blunt,
CA,V646,MVT Occupant,Unintentional,Blunt,
CA,V647,MVT Occupant,Unintentional,Blunt,
CA,V649,MVT Occupant,Unintentional,Blunt,
CA,V650,MVT Other,Unintentional,Blunt,
CA,V651,MVT Other,Unintentional,Blunt,
CA,V652,MVT Other,Unintentional,Blunt,
CA,V653,MVT Other,Unintentional,Blunt,
CA,V654,MVT Occupant,Unintentional,Blunt,
CA,V655,MVT Occupant,Unintentional,Blunt,
CA,V656,MVT Occupant,Unintentional,Blunt,
CA,V657,MVT Occupant,Unintentional,Blunt,
CA,V659,MVT Occupant,Unintentional,Blunt,
CA,V660,MVT Other,Unintentional,Blunt,
CA,V661,MVT Other,Unintentional,Blunt,
CA,V662,MVT Other,Unintentional,Blunt,
CA,V663,MVT Other,Unintentional,Blunt,
CA,V664,MVT Occupant,Unintentional,Blunt,
CA,V665,MVT Occupant,Unintentional,Blunt,
CA,V666,MVT Occupant,Unintentional,Blunt,
CA,V667,MVT Occupant,Unintentional,Blunt,
CA,V669,MVT Occupant,Unintentional,Blunt,
CA,V670,MVT Other,Unintentional,Blunt,
CA,V671,MVT Other,Unintentional,Blunt,
CA,V672,MVT Other,Unintentional,Blunt,
CA,V673,MVT Other,Unintentional,Blunt,
CA,V674,MVT Occupant,Unintentional,Blunt,
CA,V675,MVT Occupant,Unintentional,Blunt,
CA,V676,MVT Occupant,Unintentional,Blunt,
CA,V677,MVT Occupant,Unintentional,Blunt,
CA,V679,MVT Occupant,Unintentional,Blunt,
CA,V680,MVT Other,Unintentional,Blunt,
CA,V681,MVT Other,Unintentional,Blunt,
CA,V682,MVT Other,Unintentional,Blunt,
CA,V683,MVT Other,Unintentional,Blunt,
CA,V684,MVT Occupant,Unintentional,Blunt,
CA,V685,MVT Occupant,Unintentional,Blunt,
CA,V686,MVT Occupant,Unintentional,Blunt,
CA,V687,MVT Occupant,Unintentional,Blunt,
CA,V689,MVT Occupant,Unintentional,Blunt,
CA,V690,MVT Other,Unintentional,Blunt,
CA,V691,MVT Other,Unintentional,Blunt,
CA,V692,MVT Other,Unintentional,Blunt,
CA,V693,MVT Other,Unintentional,Blunt,
CA,V694,MVT Occupant,Unintentional,Blunt,
CA,V695,MVT Occupant,Unintentional,Blunt,
CA,V696,MVT Occupant,Unintentional,Blunt,
CA,V698,MVT Occupant,Unintentional,Blunt,
CA,V699,MVT Occupant,Unintentional,Blunt,
CA,V700,MVT Other,Unintentional,Blunt,
CA,V701,MVT Other,Unintentional,Blunt,
CA,V702,MVT Other,Unintentional,Blunt,
CA,V703,MVT Other,Unintentional,Blunt,
CA,V704,MVT Occupant,Unintentional,Blunt,
CA,V705,MVT Occupant,Unintentional,Blunt,
CA,V706,MVT Occupant,Unintentional,Blunt,
CA,V707,MVT Occupant,Unintentional,Blunt,
CA,V709,MVT Occupant,Unintentional,Blunt,
CA,V710,MVT Other,Unintentional,Blunt,
CA,V711,MVT Other,Unintentional,Blunt,
CA,V712,MVT Other,Unintentional,Blunt,
CA,V713,MVT Other,Unintentional,Blunt,
CA,V714,MVT Occupant,Unintentional,Blunt,
CA,V715,MVT Occupant,Unintentional,Blunt,
CA,V716,MVT Occupant,Unintentional,Blunt,
CA,V717,MVT Occupant,Unintentional,Blunt,
CA,V719,MVT Occupant,Unintentional,Blunt,
CA,V720,MVT Other,Unintentional,Blunt,
CA,V721,MVT Other,Unintentional,Blunt,
CA,V722,MVT Other,Unintentional,Blunt,
CA,V723,MVT Other,Unintentional,Blunt,
CA,V724,MVT Occupant,Unintentional,Blunt,
CA,V725,MVT Occupant,Unintentional,Blunt,
CA,V726,MVT Occupant,Unintentional,Blunt,
CA,V727,MVT Occupant,Unintentional,Blunt,
CA,V729,MVT Occupant,Unintentional,Blunt,
CA,V730,MVT Other,Unintentional,Blunt,
CA,V731,MVT Other,Unintentional,Blunt,
CA,V732,MVT Other,Unintentional,Blunt,
CA,V733,MVT Other,Unintentional,Blunt,
CA,V734,MVT Occupant,Unintentional,Blunt,
CA,V735,MVT Occupant,Unintentional,Blunt,
CA,V736,MVT Occupant,Unintentional,Blunt,
CA,V737,MVT Occupant,Unintentional,Blunt,
CA,V739,MVT Occupant,Unintentional,Blunt,
CA,V740,MVT Other,Unintentional,Blunt,
CA,V741,MVT Other,Unintentional,Blunt,
CA,V742,MVT Other,Unintentional,Blunt,
CA,V743,MVT Other,Unintentional,Blunt,
CA,V744,MVT Occupant,Unintentional,Blunt,
CA,V745,MVT Occupant,Unintentional,Blunt,
CA,V746,MVT Occupant,Unintentional,Blunt,
CA,V747,MVT Occupant,Unintentional,Blunt,
CA,V749,MVT Occupant,Unintentional,Blunt,
CA,V750,MVT Other,Unintentional,Blunt,
CA,V751,MVT Other,Unintentional,Blunt,
CA,V752,MVT Other,Unintentional,Blunt,
CA,V753,MVT Other,Unintentional,Blunt,
CA,V754,MVT Occupant,Unintentional,Blunt,
CA,V755,MVT Occupant,Unintentional,Blunt,
CA,V756,MVT Occupant,Unintentional,Blunt,
CA,V757,MVT Occupant,Unintentional,Blunt,
CA,V759,MVT Occupant,Unintentional,Blunt,
CA,V760,MVT Other,Unintentional,Blunt,
CA,V761,MVT Other,Unintentional,Blunt,
CA,V762,MVT Other,Unintentional,Blunt,
CA,V763,MVT Other,Unintentional,Blunt,
CA,V764,MVT Occupant,Unintentional,Blunt,
CA,V765,MVT Occupant,Unintentional,Blunt,
CA,V766,MVT Occupant,Unintentional,Blunt,
CA,V767,MVT Occupant,Unintentional,Blunt,
CA,V769,MVT Occupant,Unintentional,Blunt,
CA,V770,MVT Other,Unintentional,Blunt,
CA,V771,MVT Other,Unintentional,Blunt,
CA,V772,MVT Other,Unintentional,Blunt,
CA,V773,MVT Other,Unintentional,Blunt,
CA,V774,MVT Occupant,Unintentional,Blunt,
CA,V775,MVT Occupant,Unintentional,Blunt,
CA,V776,MVT Occupant,Unintentional,Blunt,
CA,V777,MVT Occupant,Unintentional,Blunt,
CA,V779,MVT Occupant,Unintentional,Blunt,
CA,V780,MVT Other,Unintentional,Blunt,
CA,V781,MVT Other,Unintentional,Blunt,
CA,V782,MVT Other,Unintentional,Blunt,
CA,V783,MVT Other,Unintentional,Blunt,
CA,V784,MVT Occupant,Unintentional,Blunt,
CA,V785,MVT Occupant,Unintentional,Blunt,
CA,V786,MVT Occupant,Unintentional,Blunt,
CA,V787,MVT Occupant,Unintentional,Blunt,
CA,V789,MVT Occupant,Unintentional,Blunt,
CA,V790,MVT Other,Unintentional,Blunt,
CA,V791,MVT Other,Unintentional,Blunt,
CA,V792,MVT Other,Unintentional,Blunt,
CA,V793,MVT Other,Unintentional,Blunt,
CA,V794,MVT Occupant,Unintentional,Blunt,
CA,V795,MVT Occupant,Unintentional,Blunt,
CA,V796,MVT Occupant,Unintentional,Blunt,
CA,V798,MVT Occupant,Unintentional,Blunt,
CA,V799,MVT Occupant,Unintentional,Blunt,
CA,V800,"Transport, Other",Unintentional,Blunt,
CA,V801,"Transport, Other",Unintentional,Blunt,
CA,V802,"Transport, Other",Unintentional,Blunt,
CA,V803,"Transport, Other",Unintentional,Blunt,
CA,V804,"Transport, Other",Unintentional,Blunt,
CA,V805,"Transport, Other",Unintentional,Blunt,
CA,V806,"Transport, Other",Unintentional,Blunt,
CA,V807,"Transport, Other",Unintentional,Blunt,
CA,V808,"Transport, Other",Unintentional,Blunt,
CA,V809,"Transport, Other",Unintentional,Blunt,
CA,V810,MVT Other,Unintentional,Blunt,
CA,V811,MVT Other,Unintentional,Blunt,
CA,V812,"Transport, Other",Unintentional,Blunt,
CA,V813,"Transport, Other",Unintentional,Blunt,
CA,V814,"Transport, Other",Unintentional,Blunt,
CA,V815,"Transport, Other",Unintentional,Blunt,
CA,V816,"Transport, Other",Unintentional,Blunt,
CA,V817,"Transport, Other",Unintentional,Blunt,
CA,V818,"Transport, Other",Unintentional,Blunt,
CA,V819,"Transport, Other",Unintentional,Blunt,
CA,V820,MVT Other,Unintentional,Blunt,
CA,V821,MVT Other,Unintentional,Blunt,
CA,V822,"Transport, Other",Unintentional,Blunt,
CA,V823,"Transport, Other",Unintentional,Blunt,
CA,V824,"Transport, Other",Unintentional,Blunt,
CA,V825,"Transport, Other",Unintentional,Blunt,
CA,V826,"Transport, Other",Unintentional,Blunt,
CA,V827,"Transport, Other",Unintentional,Blunt,
CA,V828,"Transport, Other",Unintentional,Blunt,
CA,V829,"Transport, Other",Unintentional,Blunt,
CA,V830,"Transport, Other",Unintentional,Blunt,
CA,V831,"Transport, Other",Unintentional,Blunt,
CA,V832,"Transport, Other",Unintentional,Blunt,
CA,V833,"Transport, Other",Unintentional,Blunt,
CA,V834,"Transport, Other",Unintentional,Blunt,
CA,V835,"Transport, Other",Unintentional,Blunt,
CA,V836,"Transport, Other",Unintentional,Blunt,
CA,V837,"Transport, Other",Unintentional,Blunt,
CA,V839,"Transport, Other",Unintentional,Blunt,
CA,V840,"Transport, Other",Unintentional,Blunt,
CA,V841,"Transport, Other",Unintentional,Blunt,
CA,V842,"Transport, Other",Unintentional,Blunt,
CA,V843,"Transport, Other",Unintentional,Blunt,
CA,V844,"Transport, Other",Unintentional,Blunt,
CA,V845,"Transport, Other",Unintentional,Blunt,
CA,V846,"Transport, Other",Unintentional,Blunt,
CA,V847,"Transport, Other",Unintentional,Blunt,
CA,V849,"Transport, Other",Unintentional,Blunt,
CA,V850,"Transport, Other",Unintentional,Blunt,
CA,V851,"Transport, Other",Unintentional,Blunt,
CA,V852,"Transport, Other",Unintentional,Blunt,
CA,V853,"Transport, Other",Unintentional,Blunt,
CA,V854,"Transport, Other",Unintentional,Blunt,
CA,V855,"Transport, Other",Unintentional,Blunt,
CA,V856,"Transport, Other",Unintentional,Blunt,
CA,V857,"Transport, Other",Unintentional,Blunt,
CA,V859,"Transport, Other",Unintentional,Blunt,
CA,V8600,"Transport, Other",Unintentional,Blunt,
CA,V8608,"Transport, Other",Unintentional,Blunt,
CA,V8610,"Transport, Other",Unintentional,Blunt,
CA,V8618,"Transport, Other",Unintentional,Blunt,
CA,V862,"Transport, Other",Unintentional,Blunt,
CA,V8630,"Transport, Other",Unintentional,Blunt,
CA,V8638,"Transport, Other",Unintentional,Blunt,
CA,V864,"Transport, Other",Unintentional,Blunt,
CA,V8650,"Transport, Other",Unintentional,Blunt,
CA,V8651,"Transport, Other",Unintentional,Blunt,
CA,V8658,"Transport, Other",Unintentional,Blunt,
CA,V8660,"Transport, Other",Unintentional,Blunt,
CA,V8661,"Transport, Other",Unintentional,Blunt,
CA,V8668,"Transport, Other",Unintentional,Blunt,
CA,V867,"Transport, Other",Unintentional,Blunt,
CA,V8690,"Transport, Other",Unintentional,Blunt,
CA,V8691,"Transport, Other",Unintentional,Blunt,
CA,V8698,"Transport, Other",Unintentional,Blunt,
CA,V870,MVT Occupant,Unintentional,Blunt,
CA,V871,MVT Occupant,Unintentional,Blunt,
CA,V872,MVT Occupant,Unintentional,Blunt,
CA,V873,MVT Occupant,Unintentional,Blunt,
CA,V874,MVT Occupant,Unintentional,Blunt,
CA,V875,MVT Occupant,Unintentional,Blunt,
CA,V876,MVT Occupant,Unintentional,Blunt,
CA,V877,MVT Occupant,Unintentional,Blunt,
CA,V878,MVT Unspecified,Unintentional,Blunt,
CA,V879,MVT Unspecified,Unintentional,Blunt,
CA,V880,MVT Other,Unintentional,Blunt,
CA,V881,MVT Other,Unintentional,Blunt,
CA,V882,MVT Other,Unintentional,Blunt,
CA,V883,MVT Other,Unintentional,Blunt,
CA,V884,MVT Other,Unintentional,Blunt,
CA,V885,MVT Other,Unintentional,Blunt,
CA,V886,MVT Other,Unintentional,Blunt,
CA,V887,MVT Other,Unintentional,Blunt,
CA,V888,MVT Other,Unintentional,Blunt,
CA,V889,MVT Unspecified,Unintentional,Blunt,
CA,V890,MVT Other,Unintentional,Blunt,
CA,V891,"Transport, Other",Unintentional,Blunt,
CA,V892,MVT Unspecified,Unintentional,Blunt,
CA,V893,"Transport, Other",Unintentional,Blunt,
CA,V899,"Transport, Other",Unintentional,Blunt,
CA,V910,"Transport, Other",Unintentional,Blunt,
CA,V911,"Transport, Other",Unintentional,Blunt,
CA,V912,"Transport, Other",Unintentional,Blunt,
CA,V913,"Transport, Other",Unintentional,Blunt,
CA,V914,"Transport, Other",Unintentional,Blunt,
CA,V915,"Transport, Other",Unintentional,Blunt,
CA,V916,"Transport, Other",Unintentional,Blunt,
CA,V917,"Transport, Other",Unintentional,Blunt,
CA,V918,"Transport, Other",Unintentional,Blunt,
CA,V919,"Transport, Other",Unintentional,Blunt,
CA,V930,"Transport, Other",Unintentional,Blunt,
CA,V931,"Transport, Other",Unintentional,Blunt,
CA,V932,"Transport, Other",Unintentional,Blunt,
CA,V933,"Transport, Other",Unintentional,Blunt,
CA,V934,"Transport, Other",Unintentional,Blunt,
CA,V935,"Transport, Other",Unintentional,Blunt,
CA,V936,"Transport, Other",Unintentional,Blunt,
CA,V937,"Transport, Other",Unintentional,Blunt,
CA,V938,"Transport, Other",Unintentional,Blunt,
CA,V939,"Transport, Other",Unintentional,Blunt,
CA,V940,"Transport, Other",Unintentional,Blunt,
CA,V941,"Transport, Other",Unintentional,Blunt,
CA,V942,"Transport, Other",Unintentional,Blunt,
CA,V943,"Transport, Other",Unintentional,Blunt,
CA,V944,"Transport, Other",Unintentional,Blunt,
CA,V945,"Transport, Other",Unintentional,Blunt,
CA,V946,"Transport, Other",Unintentional,Blunt,
CA,V947,"Transport, Other",Unintentional,Blunt,
CA,V948,"Transport, Other",Unintentional,Blunt,
CA,V949,"Transport, Other",Unintentional,Blunt,
CA,V950,"Transport, Other",Unintentional,Blunt,
CA,V951,"Transport, Other",Unintentional,Blunt,
CA,V952,"Transport, Other",Unintentional,Blunt,
CA,V953,"Transport, Other",Unintentional,Blunt,
CA,V954,"Transport, Other",Unintentional,Blunt,
CA,V958,"Transport, Other",Unintentional,Blunt,
CA,V959,"Transport, Other",Unintentional,Blunt,
CA,V960,"Transport, Other",Unintentional,Blunt,
CA,V961,"Transport, Other",Unintentional,Blunt,
CA,V962,"Transport, Other",Unintentional,Blunt,
CA,V968,"Transport, Other",Unintentional,Blunt,
CA,V969,"Transport, Other",Unintentional,Blunt,
CA,V970,"Transport, Other",Unintentional,Blunt,
CA,V971,"Transport, Other",Unintentional,Blunt,
CA,V972,"Transport, Other",Unintentional,Blunt,
CA,V973,"Transport, Other",Unintentional,Blunt,
CA,V978,"Transport, Other",Unintentional,Blunt,
CA,V98,"Transport, Other",Unintentional,Blunt,
CA,V99,"Transport, Other",Unintentional,Blunt,
CA,W00,Fall,Unintentional,Blunt,
CA,W01,Fall,Unintentional,Blunt,
CA,W0200,Fall,Unintentional,Blunt,
CA,W0201,Fall,Unintentional,Blunt,
CA,W0202,Fall,Unintentional,Blunt,
CA,W0203,Fall,Unintentional,Blunt,
CA,W0204,Fall,Unintentional,Blunt,
CA,W0205,Fall,Unintentional,Blunt,
CA,W02080,Fall,Unintentional,Blunt,
CA,W02087,Fall,Unintentional,Blunt,
CA,W02088,Fall,Unintentional,Blunt,
CA,W03,Fall,Unintentional,Blunt,
CA,W0400,Fall,Unintentional,Blunt,
CA,W0401,Fall,Unintentional,Blunt,
CA,W0402,Fall,Unintentional,Blunt,
CA,W0403,Fall,Unintentional,Blunt,
CA,W0404,Fall,Unintentional,Blunt,
CA,W0405,Fall,Unintentional,Blunt,
CA,W0406,Fall,Unintentional,Blunt,
CA,W0408,Fall,Unintentional,Blunt,
CA,W0409,Fall,Unintentional,Blunt,
CA,W0500,Fall,Unintentional,Blunt,
CA,W0501,Fall,Unintentional,Blunt,
CA,W0502,Fall,Unintentional,Blunt,
CA,W0503,Fall,Unintentional,Blunt,
CA,W0504,Fall,Unintentional,Blunt,
CA,W0508,Fall,Unintentional,Blunt,
CA,W0509,Fall,Unintentional,Blunt,
CA,W06,Fall,Unintentional,Blunt,
CA,W07,Fall,Unintentional,Blunt,
CA,W08,Fall,Unintentional,Blunt,
CA,W0901,Fall,Unintentional,Blunt,
CA,W0902,Fall,Unintentional,Blunt,
CA,W0903,Fall,Unintentional,Blunt,
CA,W0904,Fall,Unintentional,Blunt,
CA,W0905,Fall,Unintentional,Blunt,
CA,W0908,Fall,Unintentional,Blunt,
CA,W0909,Fall,Unintentional,Blunt,
CA,W10,Fall,Unintentional,Blunt,
CA,W11,Fall,Unintentional,Blunt,
CA,W12,Fall,Unintentional,Blunt,
CA,W13,Fall,Unintentional,Blunt,
CA,W14,Fall,Unintentional,Blunt,
CA,W15,Fall,Unintentional,Blunt,
CA,W16,Fall,Unintentional,Blunt,
CA,W17,Fall,Unintentional,Blunt,
CA,W1800,Fall,Unintentional,Blunt,
CA,W1801,Fall,Unintentional,Blunt,
CA,W1802,Fall,Unintentional,Blunt,
CA,W1809,Fall,Unintentional,Blunt,
CA,W19,Fall,Unintentional,Blunt,
CA,W20,"Struck By, Against",Unintentional,Blunt,
CA,W2100,"Struck By, Against",Unintentional,Blunt,
CA,W2101,"Struck By, Against",Unintentional,Blunt,
CA,W2102,"Struck By, Against",Unintentional,Blunt,
CA,W2103,"Struck By, Against",Unintentional,Blunt,
CA,W2108,"Struck By, Against",Unintentional,Blunt,
CA,W2109,"Struck By, Against",Unintentional,Blunt,
CA,W2200,"Struck By, Against",Unintentional,Blunt,
CA,W2201,"Struck By, Against",Unintentional,Blunt,
CA,W2202,"Struck By, Against",Unintentional,Blunt,
CA,W2203,"Struck By, Against",Unintentional,Blunt,
CA,W2204,"Struck By, Against",Unintentional,Blunt,
CA,W2205,"Struck By, Against",Unintentional,Blunt,
CA,W2207,"Struck By, Against",Unintentional,Blunt,
CA,W2208,"Struck By, Against",Unintentional,Blunt,
CA,W2209,"Struck By, Against",Unintentional,Blunt,
CA,W23,"Struck By, Against",Unintentional,Blunt,
CA,W24,"Struck By, Against",Unintentional,Blunt,
CA,W25,Cut/Pierce,Unintentional,Penetrating,
CA,W260,Cut/Pierce,Unintentional,Penetrating,
CA,W268,Cut/Pierce,Unintentional,Penetrating,
CA,W269,Cut/Pierce,Unintentional,Penetrating,
CA,W27,Cut/Pierce,Unintentional,Penetrating,
CA,W28,Cut/Pierce,Unintentional,Penetrating,
CA,W29,Cut/Pierce,Unintentional,Penetrating,
CA,W30,Cut/Pierce,Unintentional,Penetrating,
CA,W31,Cut/Pierce,Unintentional,Penetrating,
CA,W32,Firearm,Unintentional,Penetrating,
CA,W33,Firearm,Unintentional,Penetrating,
CA,W3400,Firearm,Unintentional,Penetrating,
CA,W3401,Firearm,Unintentional,Penetrating,
CA,W3408,Firearm,Unintentional,Penetrating,
CA,W3409,Firearm,Unintentional,Penetrating,
CA,W35,Other Specified and Classifiable,Unintentional,Blunt,
CA,W36,Other Specified and Classifiable,Unintentional,Blunt,
CA,W37,Other Specified and Classifiable,Unintentional,Blunt,
CA,W38,Other Specified and Classifiable,Unintentional,Blunt,
CA,W39,Other Specified and Classifiable,Unintentional,Blunt,
CA,W40,Other Specified and Classifiable,Unintentional,Blunt,
CA,W41,Other Specified and Classifiable,Unintentional,Blunt,
CA,W42,"Natural/environmental, Other",Unintentional,Blunt,
CA,W43,"Natural/environmental, Other",Unintentional,Blunt,
CA,W44,Other Specified and Classifiable,Unintentional,Blunt,
CA,W4500,Cut/Pierce,Unintentional,Penetrating,
CA,W4509,Cut/Pierce,Unintentional,Penetrating,
CA,W46,Cut/Pierce,Unintentional,Penetrating,
CA,W49,"Natural/environmental, Other",Unintentional,Blunt,
CA,W50,"Struck By, Against",Unintentional,Blunt,
CA,W5100,"Struck By, Against",Unintentional,Blunt,
CA,W5101,"Struck By, Against",Unintentional,Blunt,
CA,W5102,"Struck By, Against",Unintentional,Blunt,
CA,W5103,"Struck By, Against",Unintentional,Blunt,
CA,W5104,"Struck By, Against",Unintentional,Blunt,
CA,W5105,"Struck By, Against",Unintentional,Blunt,
CA,W5107,"Struck By, Against",Unintentional,Blunt,
CA,W5108,"Struck By, Against",Unintentional,Blunt,
CA,W5109,"Struck By, Against",Unintentional,Blunt,
CA,W52,"Struck By, Against",Unintentional,Blunt,
CA,W53,"Natural/environmental, Bites and Stings",Unintentional,Penetrating,
CA,W54,"Natural/environmental, Other",Unintentional,Blunt,
CA,W55,"Natural/environmental, Other",Unintentional,Blunt,
CA,W56,"Natural/environmental, Other",Unintentional,Blunt,
CA,W57,"Natural/environmental, Bites and Stings",Unintentional,Blunt,
CA,W58,"Natural/environmental, Other",Unintentional,Blunt,
CA,W59,"Natural/environmental, Other",Unintentional,Blunt,
CA,W60,"Natural/environmental, Other",Unintentional,Blunt,
CA,W64,"Natural/environmental, Other",Unintentional,Blunt,
CA,W66,Drowning/Submersion,Unintentional,Blunt,
CA,W68,Drowning/Submersion,Unintentional,Blunt,
CA,W70,Drowning/Submersion,Unintentional,Blunt,
CA,W76,Suffocation,Unintentional,Blunt,
CA,X33,"Natural/environmental, Other",Unintentional,Blunt,
CA,X340,"Natural/environmental, Other",Unintentional,,Cataclysmic Event
CA,X341,"Natural/environmental, Other",Unintentional,,Cataclysmic Event
CA,X348,"Natural/environmental, Other",Unintentional,,Cataclysmic Event
CA,X349,"Natural/environmental, Other",Unintentional,,Cataclysmic Event
CA,X35,"Natural/environmental, Other",Unintentional,,Cataclysmic Event
CA,X36,"Natural/environmental, Other",Unintentional,Blunt,
CA,X3700,"Natural/environmental, Other",Unintentional,,Cataclysmic Event
CA,X3701,"Natural/environmental, Other",Unintentional,,Cataclysmic Event
CA,X3702,"Natural/environmental, Other",Unintentional,,Cataclysmic Event
CA,X3708,"Natural/environmental, Other",Unintentional,,Cataclysmic Event
CA,X3709,"Natural/environmental, Other",Unintentional,,Cataclysmic Event
CA,X38,"Natural/environmental, Other",Unintentional,,Cataclysmic Event
CA,X50,Overexertion,Unintentional,Blunt,
CA,X72,Firearm,Self-inflicted,Penetrating,
CA,X73,Firearm,Self-inflicted,Penetrating,
CA,X7400,Firearm,Self-inflicted,Penetrating,
CA,X7401,Firearm,Self-inflicted,Penetrating,
CA,X7408,Firearm,Self-inflicted,Penetrating,
CA,X7409,Firearm,Self-inflicted,Penetrating,
CA,X75,Other Specified and Classifiable,Self-inflicted,Blunt,
CA,X78,Cut/Pierce,Self-inflicted,Penetrating,
CA,X79,"Struck By, Against",Self-inflicted,Blunt,
CA,X80,Fall,Self-inflicted,Blunt,
CA,X81,"Transport, Other",Self-inflicted,Blunt,
CA,X82,MVT Occupant,Self-inflicted,Blunt,
CA,X83,"Other Specified, Not Elsewhere Classifiable",Self-inflicted,Blunt,
CA,X93,Firearm,Assault,Penetrating,
CA,X94,Firearm,Assault,Penetrating,
CA,X9500,Firearm,Assault,Penetrating,
CA,X9501,Firearm,Assault,Blunt,
CA,X9508,Firearm,Assault,Penetrating,
CA,X9509,Firearm,Assault,Penetrating,
CA,X96,Other Specified and Classifiable,Assault,Blunt,
CA,X99,Cut/Pierce,Assault,Penetrating,
CA,Y00,"Struck By, Against",Assault,Blunt,
CA,Y01,Fall,Assault,Blunt,
CA,Y02,"Struck By, Against",Assault,Blunt,
CA,Y03,MVT Other,Assault,Blunt,
CA,Y04,"Struck By, Against",Assault,Blunt,
CA,Y09,Other Specified and Classifiable,Assault,Blunt,
CA,Y22,Firearm,Undetermined,Penetrating,
CA,Y23,Firearm,Undetermined,Penetrating,
CA,Y2400,Firearm,Undetermined,Penetrating,
CA,Y2401,Firearm,Undetermined,Penetrating,
CA,Y2408,Firearm,Undetermined,Penetrating,
CA,Y2409,Firearm,Undetermined,Penetrating,
CA,Y25,Other Specified and Classifiable,Undetermined,Blunt,
CA,Y28,Cut/Pierce,Undetermined,Penetrating,
CA,Y29,"Struck By, Against",Undetermined,Blunt,
CA,Y30,Fall,Undetermined,Blunt,
CA,Y31,Other Specified and Classifiable,Undetermined,Blunt,
CA,Y32,MVT Unspecified,Undetermined,Blunt,
CA,Y350,Firearm,Other,Penetrating,
CA,Y351,Other Specified and Classifiable,Other,Blunt,
CA,Y353,"Struck By, Against",Other,Blunt,
CA,Y354,Cut/Pierce,Other,Penetrating,
CA,Y360,Other Specified and Classifiable,Other,Blunt,
CA,Y361,Other Specified and Classifiable,Other,Blunt,
CA,Y362,Other Specified and Classifiable,Other,Blunt,
CA,Y364,Firearm,Other,Penetrating,
US,T74.11XA,,Assault,,Abuse
US,T74.12XA,,Assault,,Abuse
US,T74.4XXA,,Assault,Blunt,Abuse
US,T74.91XA,,Assault,,Abuse
US,T74.92XA,,Assault,,Abuse
US,T75.00XA,"Natural/environmental, Other",Unintentional,Blunt,
US,T75.01XA,"Natural/environmental, Other",Unintentional,Blunt,
US,T75.20XA,"Natural/environmental, Other",Unintentional,Blunt,
US,T75.21XA,"Natural/environmental, Other",Unintentional,Blunt,
US,T75.29XA,"Natural/environmental, Other",Unintentional,Blunt,
US,T75.4,"Adverse Effects, Medical Care",Unintentional,Blunt,
US,T75.4XXA,"Natural/environmental, Other",Unintentional,Blunt,
US,T76.11XA,,Assault,,Abuse
US,T76.12XA,,Assault,,Abuse
US,T76.91XA,,Assault,,Abuse
US,T76.92XA,,Assault,,Abuse
US,V00.01XA,"Struck By, Against",Unintentional,Blunt,
US,V00.02XA,"Struck By, Against",Unintentional,Blunt,
US,V00.038A,"Pedestrian, Other",Unintentional,Blunt,
US,V00.09XA,"Struck By, Against",Unintentional,Blunt,
US,V00.111A,Fall,Unintentional,Blunt,
US,V00.112A,"Struck By, Against",Unintentional,Blunt,
US,V00.118A,Other Specified and Classifiable,Unintentional,Blunt,
US,V00.121A,Fall,Unintentional,Blunt,
US,V00.122A,"Struck By, Against",Unintentional,Blunt,
US,V00.128A,Other Specified and Classifiable,Unintentional,Blunt,
US,V00.131A,Fall,Unintentional,Blunt,
US,V96.21XA,"Transport, Other",Unintentional,Blunt,
US,V96.22XA,"Transport, Other",Unintentional,Blunt,
US,V96.23XA,"Transport, Other",Unintentional,Blunt,
US,V96.24XA,"Transport, Other",Unintentional,Burn,
US,V96.25XA,"Transport, Other",Unintentional,Blunt,
US,V96.29XA,"Transport, Other",Unintentional,Blunt,
US,V96.8XXA,"Transport, Other",Unintentional,Blunt,
US,V96.9XXA,"Transport, Other",Unintentional,Blunt,
US,V97.0XXA,"Transport, Other",Unintentional,Blunt,
US,V97.1XXA,"Transport, Other",Unintentional,Blunt,
US,V97.21XA,"Transport, Other",Unintentional,Blunt,
US,V97.22XA,"Transport, Other",Unintentional,Blunt,
US,V97.29XA,"Transport, Other",Unintentional,Blunt,
US,V97.31XA,"Transport, Other",Unintentional,Blunt,
US,V97.32XA,"Transport, Other",Unintentional,Blunt,
US,V97.33XA,"Transport, Other",Unintentional,Blunt,
US,V97.39XA,"Transport, Other",Unintentional,Blunt,
US,V97.810A,"Transport, Other",Unintentional,Blunt,
US,V97.811A,"Transport, Other",Unintentional,Blunt,
US,V97.818A,"Transport, Other",Unintentional,Blunt,
US,V97.89XA,"Transport, Other",Unintentional,Blunt,
US,V98.0XXA,"Transport, Other",Unintentional,Blunt,
US,V98.1XXA,"Transport, Other",Unintentional,Blunt,
US,V98.2XXA,"Transport, Other",Unintentional,Blunt,
US,V98.3XXA,"Transport, Other",Unintentional,Blunt,
US,V98.8XXA,"Transport, Other",Unintentional,Blunt,
US,V99.XXXA,"Transport, Other",Unintentional,Blunt,
US,W00.0XXA,Fall,Unintentional,Blunt,
US,W00.1XXA,Fall,Unintentional,Blunt,
US,W00.2XXA,Fall,Unintentional,Blunt,
US,W00.9XXA,Fall,Unintentional,Blunt,
US,W01.0XXA,Fall,Unintentional,Blunt,
US,W01.10XA,Fall,Unintentional,Blunt,
US,W01.110A,Fall,Unintentional,Blunt,
US,W01.111A,Fall,Unintentional,Blunt,
US,W01.118A,Fall,Unintentional,Blunt,
US,W01.119A,Fall,Unintentional,Blunt,
US,W01.190A,Fall,Unintentional,Blunt,
US,W01.198A,Fall,Unintentional,Blunt,
US,W03.XXXA,Fall,Unintentional,Blunt,
US,W04.XXXA,Fall,Unintentional,Blunt,
US,W05.0XXA,Fall,Unintentional,Blunt,
US,W05.1XXA,Fall,Unintentional,Blunt,
US,W05.2XXA,Fall,Unintentional,Blunt,
US,W06.XXXA,Fall,Unintentional,Blunt,
US,W07.XXXA,Fall,Unintentional,Blunt,
US,W08.XXXA,Fall,Unintentional,Blunt,
US,W09.0XXA,Fall,Unintentional,Blunt,
US,W09.1XXA,Fall,Unintentional,Blunt,
US,W09.2XXA,Fall,Unintentional,Blunt,
US,W09.8XXA,Fall,Unintentional,Blunt,
US,W10.0XXA,Fall,Unintentional,Blunt,
US,W10.1XXA,Fall,Unintentional,Blunt,
US,W10.2XXA,Fall,Unintentional,Blunt,
US,W10.8XXA,Fall,Unintentional,Blunt,
US,W10.9XXA,Fall,Unintentional,Blunt,
US,W11.XXXA,Fall,Unintentional,Blunt,
US,W12.XXXA,Fall,Unintentional,Blunt,
US,W13.0XXA,Fall,Unintentional,Blunt,
US,W13.1XXA,Fall,Unintentional,Blunt,
US,W13.2XXA,Fall,Unintentional,Blunt,
US,W13.3XXA,Fall,Unintentional,Blunt,
US,W13.4XXA,Fall,Unintentional,Blunt,
US,W13.8XXA,Fall,Unintentional,Blunt,
US,W13.9XXA,Fall,Unintentional,Blunt,
US,W14.XXXA,Fall,Unintentional,Blunt,
US,W15.XXXA,Fall,Unintentional,Blunt,
US,W16.011A,Drowning/Submersion,Unintentional,Blunt,
US,W16.012A,Fall,Unintentional,Blunt,
US,W16.021A,Drowning/Submersion,Unintentional,Blunt,
US,W16.022A,Fall,Unintentional,Blunt,
US,W16.031A,Drowning/Submersion,Unintentional,Blunt,
US,W16.032A,Fall,Unintentional,Blunt,
US,W16.111A,Drowning/Submersion,Unintentional,Blunt,
US,W16.112A,Fall,Unintentional,Blunt,
US,W16.121A,Drowning/Submersion,Unintentional,Blunt,
US,W16.122A,Fall,Unintentional,Blunt,
US,W16.131A,Drowning/Submersion,Unintentional,Blunt,
US,W16.132A,Fall,Unintentional,Blunt,
US,W16.211A,Drowning/Submersion,Unintentional,Blunt,
US,W16.212A,Fall,Unintentional,Blunt,
US,W16.221A,Drowning/Submersion,Unintentional,Blunt,
US,W16.222A,Fall,Unintentional,Blunt,
US,W16.311A,Drowning/Submersion,Unintentional,Blunt,
US,W16.312A,Fall,Unintentional,Blunt,
US,W16.321A,Drowning/Submersion,Unintentional,Blunt,
US,W16.322A,Fall,Unintentional,Blunt,
US,W16.331A,Drowning/Submersion,Unintentional,Blunt,
US,W16.332A,Fall,Unintentional,Blunt,
US,W16.41XA,Drowning/Submersion,Unintentional,Blunt,
US,W16.42XA,Fall,Unintentional,Blunt,
US,W16.511A,Drowning/Submersion,Unintentional,Blunt,
US,W16.512A,Fall,Unintentional,Blunt,
US,W16.521A,Drowning/Submersion,Unintentional,Blunt,
US,W16.522A,Fall,Unintentional,Blunt,
US,W16.531A,Drowning/Submersion,Unintentional,Blunt,
US,W16.532A,Fall,Unintentional,Blunt,
US,W16.611A,Drowning/Submersion,Unintentional,Blunt,
US,W16.612A,Fall,Unintentional,Blunt,
US,W16.621A,Drowning/Submersion,Unintentional,Blunt,
US,W16.622A,Fall,Unintentional,Blunt,
US,W16.711A,Drowning/Submersion,Unintentional,Blunt,
US,W16.712A,Fall,Unintentional,Blunt,
US,W16.721A,Drowning/Submersion,Unintentional,Blunt,
US,W16.722A,Fall,Unintentional,Blunt,
US,W16.811A,Drowning/Submersion,Unintentional,Blunt,
US,W16.812A,Fall,Unintentional,Blunt,
US,W16.821A,Drowning/Submersion,Unintentional,Blunt,
US,W16.822A,Fall,Unintentional,Blunt,
US,W16.831A,Drowning/Submersion,Unintentional,Blunt,
US,W16.832A,Fall,Unintentional,Blunt,
US,W16.91XA,Drowning/Submersion,Unintentional,Blunt,
US,W16.92XA,Fall,Unintentional,Blunt,
US,W17.0XXA,Fall,Unintentional,Blunt,
US,W17.1XXA,Fall,Unintentional,Blunt,
US,W17.2XXA,Fall,Unintentional,Blunt,
US,W17.3XXA,Fall,Unintentional,Blunt,
US,W17.4XXA,Fall,Unintentional,Blunt,
US,W17.81XA,Fall,Unintentional,Blunt,
US,W17.82XA,Fall,Unintentional,Blunt,
US,W17.89XA,Fall,Unintentional,Blunt,
US,W18.00XA,"Struck By, Against",Unintentional,Blunt,
US,W18.01XA,"Struck By, Against",Unintentional,Blunt,
US,W18.02XA,"Struck By, Against",Unintentional,Blunt,
US,W18.09XA,"Struck By, Against",Unintentional,Blunt,
US,W18.11XA,Fall,Unintentional,Blunt,
US,W18.12XA,Fall,Unintentional,Blunt,
US,W18.2XXA,Fall,Unintentional,Blunt,
US,W18.30XA,Fall,Unintentional,Blunt,
US,W18.31XA,Fall,Unintentional,Blunt,
US,W18.39XA,Fall,Unintentional,Blunt,
US,W18.40XA,Overexertion,Unintentional,Blunt,
US,W18.41XA,Overexertion,Unintentional,Blunt,
US,W18.42XA,Overexertion,Unintentional,Blunt,
US,W18.43XA,Overexertion,Unintentional,Blunt,
US,W18.49XA,Overexertion,Unintentional,Blunt,
US,W19.XXXA,Fall,Unintentional,Blunt,
US,W20.0XXA,"Struck By, Against",Unintentional,Blunt,
US,W20.1XXA,"Struck By, Against",Unintentional,Blunt,
US,W20.8XXA,"Struck By, Against",Unintentional,Blunt,
US,W21.00XA,"Struck By, Against",Unintentional,Blunt,
US,W21.01XA,"Struck By, Against",Unintentional,Blunt,
US,W21.02XA,"Struck By, Against",Unintentional,Blunt,
US,W21.03XA,"Struck By, Against",Unintentional,Blunt,
US,W21.04XA,"Struck By, Against",Unintentional,Blunt,
US,W21.05XA,"Struck By, Against",Unintentional,Blunt,
US,W21.06XA,"Struck By, Against",Unintentional,Blunt,
US,W21.07XA,"Struck By, Against",Unintentional,Blunt,
US,W21.09XA,"Struck By, Against",Unintentional,Blunt,
US,W21.11XA,"Struck By, Against",Unintentional,Blunt,
US,W21.12XA,"Struck By, Against",Unintentional,Blunt,
US,W21.13XA,"Struck By, Against",Unintentional,Blunt,
US,W21.19XA,"Struck By, Against",Unintentional,Blunt,
US,W21.210A,"Struck By, Against",Unintentional,Blunt,
US,W21.211A,"Struck By, Against",Unintentional,Blunt,
US,W21.220A,"Struck By, Against",Unintentional,Blunt,
US,W21.221A,"Struck By, Against",Unintentional,Blunt,
US,W21.31XA,"Struck By, Against",Unintentional,Blunt,
US,W21.32XA,"Struck By, Against",Unintentional,Blunt,
US,W21.39XA,"Struck By, Against",Unintentional,Blunt,
US,W21.4XXA,"Struck By, Against",Unintentional,Blunt,
US,W21.81XA,"Struck By, Against",Unintentional,Blunt,
US,W21.89XA,"Struck By, Against",Unintentional,Blunt,
US,W21.9XXA,"Struck By, Against",Unintentional,Blunt,
US,W22.01XA,"Struck By, Against",Unintentional,Blunt,
US,W22.02XA,"Struck By, Against",Unintentional,Blunt,
US,W22.03XA,"Struck By, Against",Unintentional,Blunt,
US,W22.041A,Drowning/Submersion,Unintentional,Blunt,
US,W22.042A,"Struck By, Against",Unintentional,Blunt,
US,W22.09XA,"Struck By, Against",Unintentional,Blunt,
US,W22.10XA,"Struck By, Against",Unintentional,Blunt,
US,W22.11XA,"Struck By, Against",Unintentional,Blunt,
US,W22.12XA,"Struck By, Against",Unintentional,Blunt,
US,W22.19XA,"Struck By, Against",Unintentional,Blunt,
US,W22.8XXA,"Struck By, Against",Unintentional,Blunt,
US,W23.0XXA,Other Specified and Classifiable,Unintentional,Blunt,
US,W23.1XXA,Other Specified and Classifiable,Unintentional,Blunt,
US,W23.2XX,Other Specified and Classifiable,Unintentional,Blunt,
US,W24.0XXA,Machinery,Unintentional,Blunt,
US,W24.1XXA,Machinery,Unintentional,Blunt,
US,W25.XXXA,Cut/Pierce,Unintentional,Penetrating,
US,W26.0XXA,Cut/Pierce,Unintentional,Penetrating,
US,W26.1XXA,Cut/Pierce,Unintentional,Penetrating,
US,W26.2XXA,Cut/Pierce,Unintentional,Penetrating,
US,W26.8XXA,Cut/Pierce,Unintentional,Penetrating,
US,W26.9XXA,Cut/Pierce,Unintentional,Penetrating,
US,W27.0XXA,Cut/Pierce,Unintentional,Penetrating,
US,W27.1XXA,Cut/Pierce,Unintentional,Penetrating,
US,W27.2XXA,Cut/Pierce,Unintentional,Penetrating,
US,W27.3XXA,Cut/Pierce,Unintentional,Penetrating,
US,W27.4XXA,Cut/Pierce,Unintentional,Penetrating,
US,W27.5XXA,Cut/Pierce,Unintentional,Penetrating,
US,W27.8XXA,Cut/Pierce,Unintentional,Penetrating,
US,W28.XXXA,Cut/Pierce,Unintentional,Penetrating,
US,W29.0XXA,Cut/Pierce,Unintentional,Penetrating,
US,W29.1XXA,Cut/Pierce,Unintentional,Penetrating,
US,W29.2XXA,Cut/Pierce,Unintentional,Penetrating,
US,W29.3XXA,Cut/Pierce,Unintentional,Penetrating,
US,W29.4XXA,Cut/Pierce,Unintentional,Penetrating,
US,W29.8XXA,Cut/Pierce,Unintentional,Penetrating,
US,W30.0XXA,Machinery,Unintentional,Blunt,
US,W30.1XXA,Machinery,Unintentional,Blunt,
US,W30.2XXA,Machinery,Unintentional,Blunt,
US,W30.3XXA,Machinery,Unintentional,Blunt,
US,W30.81XA,Machinery,Unintentional,Blunt,
US,W30.89XA,Machinery,Unintentional,Blunt,
US,W30.9XXA,Machinery,Unintentional,Blunt,
US,W31.0XXA,Machinery,Unintentional,Blunt,
US,W31.1XXA,Machinery,Unintentional,Blunt,
US,W31.2XXA,Machinery,Unintentional,Blunt,
US,W31.3XXA,Machinery,Unintentional,Blunt,
US,W31.81XA,Machinery,Unintentional,Blunt,
US,W31.82XA,Machinery,Unintentional,Blunt,
US,W31.83XA,Machinery,Unintentional,Blunt,
US,W31.89XA,Machinery,Unintentional,Blunt,
US,W31.9XXA,Machinery,Unintentional,Blunt,
US,W32.0XXA,Firearm,Unintentional,Penetrating,
US,W32.1XXA,Other Specified and Classifiable,Unintentional,Blunt,
US,W33.00XA,Firearm,Unintentional,Penetrating,
US,W33.01XA,Firearm,Unintentional,Penetrating,
US,W33.02XA,Firearm,Unintentional,Penetrating,
US,W33.03XA,Firearm,Unintentional,Penetrating,
US,W33.09XA,Firearm,Unintentional,Penetrating,
US,W33.10XA,Other Specified and Classifiable,Unintentional,Blunt,
US,W33.11XA,Other Specified and Classifiable,Unintentional,Blunt,
US,W33.12XA,Other Specified and Classifiable,Unintentional,Blunt,
US,W33.13XA,Other Specified and Classifiable,Unintentional,Blunt,
US,W33.19XA,Other Specified and Classifiable,Unintentional,Blunt,
US,W34.00XA,Firearm,Unintentional,Penetrating,
US,W34.010A,Other Specified and Classifiable,Unintentional,Blunt,
US,W34.011A,Other Specified and Classifiable,Unintentional,Blunt,
US,W34.018A,Other Specified and Classifiable,Unintentional,Blunt,
US,W34.09XA,Firearm,Unintentional,Penetrating,
US,W34.10XA,Other Specified and Classifiable,Unintentional,Blunt,
US,W34.110A,Other Specified and Classifiable,Unintentional,Blunt,
US,W34.111A,Other Specified and Classifiable,Unintentional,Blunt,
US,W34.118A,Other Specified and Classifiable,Unintentional,Blunt,
US,W34.19XA,Other Specified and Classifiable,Unintentional,Blunt,
US,W35.XXXA,Other Specified and Classifiable,Unintentional,Blunt,
US,W36.1XXA,Other Specified and Classifiable,Unintentional,Blunt,
US,W36.2XXA,Other Specified and Classifiable,Unintentional,Blunt,
US,W36.3XXA,Other Specified and Classifiable,Unintentional,Blunt,
US,W36.8XXA,Other Specified and Classifiable,Unintentional,Blunt,
US,W36.9XXA,Other Specified and Classifiable,Unintentional,Blunt,
US,W37.0XXA,Other Specified and Classifiable,Unintentional,Blunt,
US,W37.8XXA,Other Specified and Classifiable,Unintentional,Blunt,
US,W38.XXXA,Other Specified and Classifiable,Unintentional,Blunt,
US,W39.XXXA,Other Specified and Classifiable,Unintentional,Blunt,
US,W40.0XXA,Other Specified and Classifiable,Unintentional,Blunt,
US,W40.1XXA,Other Specified and Classifiable,Unintentional,Blunt,
US,W40.8XXA,Other Specified and Classifiable,Unintentional,Blunt,
US,W40.9XXA,Other Specified and Classifiable,Unintentional,Blunt,
US,W42.0XXA,"Natural/environmental, Other",Unintentional,Blunt,
US,W42.9XXA,"Natural/environmental, Other",Unintentional,Blunt,
US,W45.0XXA,Cut/Pierce,Unintentional,Penetrating,
US,W45.1XXA,Cut/Pierce,Unintentional,Penetrating,
US,W45.2XXA,Cut/Pierce,Unintentional,Penetrating,
US,W45.8XXA,Cut/Pierce,Unintentional,Penetrating,
US,W46.0XXA,Cut/Pierce,Unintentional,Penetrating,
US,W46.1XXA,Cut/Pierce,Unintentional,Penetrating,
US,W49.01XA,Other Specified and Classifiable,Unintentional,Blunt,
US,W49.02XA,Other Specified and Classifiable,Unintentional,Blunt,
US,W49.03XA,Other Specified and Classifiable,Unintentional,Blunt,
US,W49.04XA,Other Specified and Classifiable,Unintentional,Blunt,
US,W49.09XA,Other Specified and Classifiable,Unintentional,Blunt,
US,W49.9XXA,Other Specified and Classifiable,Unintentional,Blunt,
US,W50.0XXA,"Struck By, Against",Unintentional,Blunt,
US,W50.1XXA,"Struck By, Against",Unintentional,Blunt,
US,W50.2XXA,"Struck By, Against",Unintentional,Blunt,
US,W50.3XXA,"Struck By, Against",Unintentional,Blunt,
US,W50.4XXA,"Struck By, Against",Unintentional,Blunt,
US,W51.XXXA,"Struck By, Against",Unintentional,Blunt,
US,W52.XXXA,"Struck By, Against",Unintentional,Blunt,
US,W53.01XA,"Natural/environmental, Bites and Stings",Unintentional,Penetrating,
US,W53.09XA,"Natural/environmental, Other",Unintentional,Blunt,
US,W53.11XA,"Natural/environmental, Bites and Stings",Unintentional,Penetrating,
US,W53.19XA,"Natural/environmental, Other",Unintentional,Blunt,
US,W53.21XA,"Natural/environmental, Bites and Stings",Unintentional,Penetrating,
US,W53.29XA,"Natural/environmental, Other",Unintentional,Blunt,
US,W53.81XA,"Natural/environmental, Bites and Stings",Unintentional,Penetrating,
US,W53.89XA,"Natural/environmental, Other",Unintentional,Blunt,
US,W54.0XXA,"Natural/environmental, Bites and Stings",Unintentional,Blunt,
US,W54.1XXA,"Natural/environmental, Other",Unintentional,Blunt,
US,W54.8XXA,"Natural/environmental, Other",Unintentional,Blunt,
US,W55.01XA,"Natural/environmental, Bites and Stings",Unintentional,Blunt,
US,W55.03XA,"Natural/environmental, Other",Unintentional,Blunt,
US,W55.09XA,"Natural/environmental, Other",Unintentional,Blunt,
US,W55.11XA,"Natural/environmental, Bites and Stings",Unintentional,Blunt,
US,W55.12XA,"Natural/environmental, Other",Unintentional,Blunt,
US,W55.19XA,"Natural/environmental, Other",Unintentional,Blunt,
US,W55.21XA,"Natural/environmental, Bites and Stings",Unintentional,Blunt,
US,W55.22XA,"Natural/environmental, Other",Unintentional,Blunt,
US,W55.29XA,"Natural/environmental, Other",Unintentional,Blunt,
US,W55.31XA,"Natural/environmental, Bites and Stings",Unintentional,Blunt,
US,W55.32XA,"Natural/environmental, Other",Unintentional,Blunt,
US,W55.39XA,"Natural/environmental, Other",Unintentional,Blunt,
US,W55.41XA,"Natural/environmental, Bites and Stings",Unintentional,Blunt,
US,W55.42XA,"Natural/environmental, Other",Unintentional,Blunt,
US,W55.49XA,"Natural/environmental, Other",Unintentional,Blunt,
US,W55.51XA,"Natural/environmental, Bites and Stings",Unintentional,Blunt,
US,W55.52XA,"Natural/environmental, Other",Unintentional,Blunt,
US,W55.59XA,"Natural/environmental, Other",Unintentional,Blunt,
US,W55.81XA,"Natural/environmental, Bites and Stings",Unintentional,Blunt,
US,W55.82XA,"Natural/environmental, Other",Unintentional,Blunt,
US,W55.89XA,"Natural/environmental, Other",Unintentional,Blunt,
US,W56.01XA,"Natural/environmental, Bites and Stings",Unintentional,Blunt,
US,W56.02XA,"Natural/environmental, Other",Unintentional,Blunt,
US,W56.09XA,"Natural/environmental, Other",Unintentional,Blunt,
US,W56.11XA,"Natural/environmental, Bites and Stings",Unintentional,Blunt,
US,W56.12XA,"Natural/environmental, Other",Unintentional,Blunt,
US,W56.19XA,"Natural/environmental, Other",Unintentional,Blunt,
US,W56.21XA,"Natural/environmental, Bites and Stings",Unintentional,Blunt,
US,W56.22XA,"Natural/environmental, Other",Unintentional,Blunt,
US,W56.29XA,"Natural/environmental, Other",Unintentional,Blunt,
US,W56.31XA,"Natural/environmental, Bites and Stings",Unintentional,Blunt,
US,W56.32XA,"Natural/environmental, Other",Unintentional,Blunt,
US,W56.39XA,"Natural/environmental, Other",Unintentional,Blunt,
US,W56.41XA,"Natural/environmental, Bites and Stings",Unintentional,Blunt,
US,W56.42XA,"Natural/environmental, Other",Unintentional,Blunt,
US,W56.49XA,"Natural/environmental, Other",Unintentional,Blunt,
US,W56.51XA,"Natural/environmental, Bites and Stings",Unintentional,Blunt,
US,W56.52XA,"Natural/environmental, Other",Unintentional,Blunt,
US,W56.59XA,"Natural/environmental, Other",Unintentional,Blunt,
US,W56.81XA,"Natural/environmental, Bites and Stings",Unintentional,Blunt,
US,W56.82XA,"Natural/environmental, Other",Unintentional,Blunt,
US,W57.XXXA,"Natural/environmental, Bites and Stings",Unintentional,Blunt,
US,W58.01XA,"Natural/environmental, Bites and Stings",Unintentional,Blunt,
US,W58.02XA,"Natural/environmental, Other",Unintentional,Blunt,
US,W58.03XA,"Natural/environmental, Other",Unintentional,Blunt,
US,W58.09XA,"Natural/environmental, Other",Unintentional,Blunt,
US,W58.11XA,"Natural/environmental, Bites and Stings",Unintentional,Blunt,
US,W58.12XA,"Natural/environmental, Other",Unintentional,Blunt,
US,W58.13XA,"Natural/environmental, Other",Unintentional,Blunt,
US,W58.19XA,"Natural/environmental, Other",Unintentional,Blunt,
US,W59.01XA,"Natural/environmental, Bites and Stings",Unintentional,Blunt,
US,W59.02XA,"Natural/environmental, Other",Unintentional,Blunt,
US,W59.11XA,"Natural/environmental, Bites and Stings",Unintentional,Blunt,
US,W59.12XA,"Natural/environmental, Other",Unintentional,Blunt,
US,W59.13XA,"Natural/environmental, Other",Unintentional,Blunt,
US,W59.21XA,"Natural/environmental, Bites and Stings",Unintentional,Blunt,
US,W59.22XA,"Natural/environmental, Other",Unintentional,Blunt,
US,W59.29XA,"Natural/environmental, Other",Unintentional,Blunt,
US,W59.81XA,"Natural/environmental, Bites and Stings",Unintentional,Blunt,
US,W59.82XA,"Natural/environmental, Other",Unintentional,Blunt,
US,W59.83XA,"Natural/environmental, Other",Unintentional,Blunt,
US,W59.89XA,"Natural/environmental, Other",Unintentional,Blunt,
US,W60.XXXA,"Natural/environmental, Other",Unintentional,Blunt,
US,W61.01XA,"Natural/environmental, Bites and Stings",Unintentional,Blunt,
US,W61.02XA,"Natural/environmental, Other",Unintentional,Blunt,
US,W61.09XA,"Natural/environmental, Other",Unintentional,Blunt,
US,W61.11XA,"Natural/environmental, Bites and Stings",Unintentional,Blunt,
US,W61.12XA,"Natural/environmental, Other",Unintentional,Blunt,
US,W61.19XA,"Natural/environmental, Other",Unintentional,Blunt,
US,W61.21XA,"Natural/environmental, Bites and Stings",Unintentional,Blunt,
US,W61.22XA,"Natural/environmental, Other",Unintentional,Blunt,
US,W61.29XA,"Natural/environmental, Other",Unintentional,Blunt,
US,W61.32XA,"Natural/environmental, Other",Unintentional,Blunt,
US,W61.33XA,"Natural/environmental, Other",Unintentional,Blunt,
US,W61.39XA,"Natural/environmental, Other",Unintentional,Blunt,
US,W61.42XA,"Natural/environmental, Other",Unintentional,Blunt,
US,W61.43XA,"Natural/environmental, Other",Unintentional,Blunt,
US,W61.49XA,"Natural/environmental, Other",Unintentional,Blunt,
US,W61.51XA,"Natural/environmental, Bites and Stings",Unintentional,Blunt,
US,W61.52XA,"Natural/environmental, Other",Unintentional,Blunt,
US,W61.59XA,"Natural/environmental, Other",Unintentional,Blunt,
US,W61.61XA,"Natural/environmental, Bites and Stings",Unintentional,Blunt,
US,W61.62XA,"Natural/environmental, Other",Unintentional,Blunt,
US,W61.69XA,"Natural/environmental, Other",Unintentional,Blunt,
US,W61.91XA,"Natural/environmental, Bites and Stings",Unintentional,Blunt,
US,W61.92XA,"Natural/environmental, Other",Unintentional,Blunt,
US,W61.99XA,"Natural/environmental, Other",Unintentional,Blunt,
US,W64.XXXA,"Natural/environmental, Other",Unintentional,Blunt,
US,X00.2XXA,Fire/Flame,Unintentional,Blunt,
US,X00.3XXA,Fire/Flame,Unintentional,Blunt,
US,X00.4XXA,Fire/Flame,Unintentional,Blunt,
US,X00.5XXA,Fire/Flame,Unintentional,Blunt,
US,X01.3XXA,Fire/Flame,Unintentional,Blunt,
US,X01.4XXA,Fire/Flame,Unintentional,Blunt,
US,X02.2XXA,Fire/Flame,Unintentional,Blunt,
US,X02.3XXA,Fire/Flame,Unintentional,Blunt,
US,X02.4XXA,Fire/Flame,Unintentional,Blunt,
US,X02.5XXA,Fire/Flame,Unintentional,Blunt,
US,X03.3XXA,Fire/Flame,Unintentional,Blunt,
US,X03.4XXA,Fire/Flame,Unintentional,Blunt,
US,X34.XXXA,"Natural/environmental, Other",Unintentional,,Cataclysmic Event
US,X35.XXXA,"Natural/environmental, Other",Unintentional,,Cataclysmic Event
US,X36.0XXA,"Natural/environmental, Other",Unintentional,,Cataclysmic Event
US,X36.1XXA,"Natural/environmental, Other",Unintentional,Blunt,
US,X37.0XXA,"Natural/environmental, Other",Unintentional,,Cataclysmic Event
US,X37.1XXA,"Natural/environmental, Other",Unintentional,,Cataclysmic Event
US,X37.2XXA,"Natural/environmental, Other",Unintentional,,Cataclysmic Event
US,X37.3XXA,"Natural/environmental, Other",Unintentional,,Cataclysmic Event
US,X37.41XA,"Natural/environmental, Other",Unintentional,,Cataclysmic Event
US,X37.42XA,"Natural/environmental, Other",Unintentional,,Cataclysmic Event
US,X37.43XA,"Natural/environmental, Other",Unintentional,,Cataclysmic Event
US,X37.8XXA,"Natural/environmental, Other",Unintentional,,Cataclysmic Event
US,X37.9XXA,"Natural/environmental, Other",Unintentional,,Cataclysmic Event
US,X38.XXXA,"Natural/environmental, Other",Unintentional,,Cataclysmic Event
US,X50.0XXA,Overexertion,Unintentional,Blunt,
US,X50.1XXA,Overexertion,Unintentional,Blunt,
US,X50.3XXA,Overexertion,Unintentional,Blunt,
US,X50.9XXA,Overexertion,Unintentional,Blunt,
US,X71.2XXA,Drowning/Submersion,Self-inflicted,Blunt,
US,X72.XXXA,Firearm,Self-inflicted,Penetrating,
US,X73.0XXA,Firearm,Self-inflicted,Penetrating,
US,X73.1XXA,Firearm,Self-inflicted,Penetrating,
US,X73.2XXA,Firearm,Self-inflicted,Penetrating,
US,X73.8XXA,Firearm,Self-inflicted,Penetrating,
US,X73.9XXA,Firearm,Self-inflicted,Penetrating,
US,X74.01XA,Other Specified and Classifiable,Self-inflicted,Blunt,
US,X74.02XA,Other Specified and Classifiable,Self-inflicted,Blunt,
US,X74.09XA,Other Specified and Classifiable,Self-inflicted,Blunt,
US,X74.8XXA,Firearm,Self-inflicted,Penetrating,
US,X74.9XXA,Firearm,Self-inflicted,Penetrating,
US,X75.XXXA,"Natural/environmental, Other",Self-inflicted,Blunt,
US,X78.0XXA,Cut/Pierce,Self-inflicted,Penetrating,
US,X78.1XXA,Cut/Pierce,Self-inflicted,Penetrating,
US,X78.2XXA,Cut/Pierce,Self-inflicted,Penetrating,
US,X78.8XXA,Cut/Pierce,Self-inflicted,Penetrating,
US,X78.9XXA,Cut/Pierce,Self-inflicted,Penetrating,
US,X79.XXXA,"Struck By, Against",Self-inflicted,Blunt,
US,X80.XXXA,Fall,Self-inflicted,Blunt,
US,X81.0XXA,MVT Other,Self-inflicted,Blunt,
US,X81.1XXA,"Transport, Other",Self-inflicted,Blunt,
US,X81.8XXA,Other Specified and Classifiable,Self-inflicted,Blunt,
US,X82.0XXA,MVT Occupant,Self-inflicted,Blunt,
US,X82.1XXA,MVT Other,Self-inflicted,Blunt,
US,X82.2XXA,MVT Occupant,Self-inflicted,Blunt,
US,X82.8XXA,MVT Occupant,Self-inflicted,Blunt,
US,X83.0XXA,"Transport, Other",Self-inflicted,Blunt,
US,X83.1XXA,Other Specified and Classifiable,Self-inflicted,Blunt,
US,X93.XXXA,Firearm,Assault,Penetrating,
US,X94.0XXA,Firearm,Assault,Penetrating,
US,X94.1XXA,Firearm,Assault,Penetrating,
US,X94.2XXA,Firearm,Assault,Penetrating,
US,X94.8XXA,Firearm,Assault,Penetrating,
US,X94.9XXA,Firearm,Assault,Penetrating,
US,X95.01XA,Other Specified and Classifiable,Assault,Blunt,
US,X95.02XA,Other Specified and Classifiable,Assault,Blunt,
US,X95.09XA,Other Specified and Classifiable,Assault,Blunt,
US,X95.8XXA,Firearm,Assault,Penetrating,
US,X95.9XXA,Firearm,Assault,Penetrating,
US,X96.0XXA,Other Specified and Classifiable,Assault,Blunt,
US,X96.1XXA,Other Specified and Classifiable,Assault,Blunt,
US,X96.2XXA,Other Specified and Classifiable,Assault,Blunt,
US,X96.3XXA,Other Specified and Classifiable,Assault,Blunt,
US,X96.4XXA,Other Specified and Classifiable,Assault,Blunt,
US,X96.8XXA,Other Specified and Classifiable,Assault,Blunt,
US,X96.9XXA,Other Specified and Classifiable,Assault,Blunt,
US,X99.0XXA,Cut/Pierce,Assault,Penetrating,
US,X99.1XXA,Cut/Pierce,Assault,Penetrating,
US,X99.2XXA,Cut/Pierce,Assault,Penetrating,
US,X99.8XXA,Cut/Pierce,Assault,Penetrating,
US,X99.9XXA,Cut/Pierce,Assault,Penetrating,
US,Y00.XXXA,"Struck By, Against",Assault,Blunt,
US,Y01.XXXA,Fall,Assault,Blunt,
US,Y02.0XXA,MVT Pedestrian,Assault,Blunt,
US,Y02.1XXA,"Transport, Other",Assault,Blunt,
US,Y02.8XXA,Other Specified and Classifiable,Assault,Blunt,
US,Y03.0XXA,MVT Pedestrian,Assault,Blunt,
US,Y03.8XXA,MVT Occupant,Assault,Blunt,
US,Y04.0XXA,"Struck By, Against",Assault,Blunt,
US,Y04.1XXA,"Struck By, Against",Assault,Blunt,
US,Y04.2XXA,"Struck By, Against",Assault,Blunt,
US,Y04.8XXA,"Struck By, Against",Assault,Blunt,
US,Y07.01,,Assault,,Abuse
US,Y07.02,,Assault,,Abuse
US,Y07.03,,Assault,,Abuse
US,Y07.04,,Assault,,Abuse
US,Y07.11,,Assault,,Abuse
US,Y07.12,,Assault,,Abuse
US,Y07.13,,Assault,,Abuse
US,Y07.14,,Assault,,Abuse
US,Y07.410,,Assault,,Abuse
US,Y07.411,,Assault,,Abuse
US,Y07.420,,Assault,,Abuse
US,Y07.421,,Assault,,Abuse
US,Y07.430,,Assault,,Abuse
US,Y07.432,,Assault,,Abuse
US,Y07.433,,Assault,,Abuse
US,Y07.434,,Assault,,Abuse
US,Y07.435,,Assault,,Abuse
US,Y07.436,,Assault,,Abuse
US,Y07.490,,Assault,,Abuse
US,Y07.491,,Assault,,Abuse
US,Y07.499,,Assault,,Abuse
US,Y07.50,,Assault,,Abuse
US,Y07.510,,Assault,,Abuse
US,Y07.511,,Assault,,Abuse
US,Y07.512,,Assault,,Abuse
US,Y07.513,,Assault,,Abuse
US,Y07.519,,Assault,,Abuse
US,Y07.521,,Assault,,Abuse
US,Y07.528,,Assault,,Abuse
US,Y07.529,,Assault,,Abuse
US,Y07.53,,Assault,,Abuse
US,Y07.59,,Assault,,Abuse
US,Y07.6,,Assault,,Abuse
US,Y07.9,,Assault,,Abuse
US,Y08.01XA,"Struck By, Against",Assault,Blunt,
US,Y08.02XA,"Struck By, Against",Assault,Blunt,
US,Y08.09XA,"Struck By, Against",Assault,Blunt,
US,Y08.81XA,"Transport, Other",Assault,Blunt,
US,Y22.XXXA,Firearm,Undetermined,Penetrating,
US,Y23.0XXA,Firearm,Undetermined,Penetrating,
US,Y23.1XXA,Firearm,Undetermined,Penetrating,
US,Y23.2XXA,Firearm,Undetermined,Penetrating,
US,Y23.3XXA,Firearm,Undetermined,Penetrating,
US,Y23.8XXA,Firearm,Undetermined,Penetrating,
US,Y23.9XXA,Firearm,Undetermined,Penetrating,
US,Y24.0XXA,Other Specified and Classifiable,Undetermined,Blunt,
US,Y24.8XXA,Firearm,Undetermined,Penetrating,
US,Y24.9XXA,Firearm,Undetermined,Penetrating,
US,Y25.XXXA,Other Specified and Classifiable,Undetermined,Blunt,
US,Y28.0XXA,Cut/Pierce,Undetermined,Penetrating,
US,Y28.1XXA,Cut/Pierce,Undetermined,Penetrating,
US,Y28.2XXA,Cut/Pierce,Undetermined,Penetrating,
US,Y28.8XXA,Cut/Pierce,Undetermined,Penetrating,
US,Y28.9XXA,Cut/Pierce,Undetermined,Penetrating,
US,Y29.XXXA,"Struck By, Against",Undetermined,Blunt,
US,Y30.XXXA,Fall,Undetermined,Blunt,
US,Y31.XXXA,Other Specified and Classifiable,Undetermined,Blunt,
US,Y32.XXXA,MVT Unspecified,Undetermined,Blunt,
US,Y35.001A,Firearm,Other,Penetrating,
US,Y35.002A,Firearm,Other,Penetrating,
US,Y35.003A,Firearm,Other,Penetrating,
US,Y35.009A,Firearm,Other,Penetrating,
US,Y35.011A,Firearm,Other,Penetrating,
US,Y35.012A,Firearm,Other,Penetrating,
US,Y35.013A,Firearm,Other,Penetrating,
US,Y35.019A,Firearm,Other,Penetrating,
US,Y35.021A,Firearm,Other,Penetrating,
US,Y35.022A,Firearm,Other,Penetrating,
US,Y35.023A,Firearm,Other,Penetrating,
US,Y35.029A,Firearm,Other,Penetrating,
US,Y35.031A,Firearm,Other,Penetrating,
US,Y35.032A,Firearm,Other,Penetrating,
US,Y35.033A,Firearm,Other,Penetrating,
US,Y35.039A,Firearm,Other,Penetrating,
US,Y35.041A,Other Specified and Classifiable,Other,Blunt,
US,Y35.042A,Other Specified and Classifiable,Other,Blunt,
US,Y35.043A,Other Specified and Classifiable,Other,Blunt,
US,Y35.049A,Other Specified and Classifiable,Other,Blunt,
US,Y35.091A,Firearm,Other,Penetrating,
US,Y35.092A,Firearm,Other,Penetrating,
US,Y35.093A,Firearm,Other,Penetrating,
US,Y35.099A,Firearm,Other,Penetrating,
US,Y35.101A,Other Specified and Classifiable,Other,Blunt,
US,Y35.102A,Other Specified and Classifiable,Other,Blunt,
US,W23.2XXA,Other Specified and Classifiable,Unintentional,Blunt,
US,V20.01XA,"Pedal Cyclist, Other",Unintentional,Blunt,
US,V20.09XA,MVT Other,Unintentional,Blunt,
US,V20.11XA,"Pedal Cyclist, Other",Unintentional,Blunt,
US,V20.19XA,MVT Other,Unintentional,Blunt,
US,V20.21XA,"Pedal Cyclist, Other",Unintentional,Blunt,
US,V20.29XA,MVT Other,Unintentional,Blunt,
US,V20.31XA,"Pedal Cyclist, Other",Unintentional,Blunt,
US,V20.39XA,MVT Motorcyclist,Unintentional,Blunt,
US,V20.41XA,"Pedal Cyclist, Other",Unintentional,Blunt,
US,V20.49XA,MVT Motorcyclist,Unintentional,Blunt,
US,V20.51XA,"Pedal Cyclist, Other",Unintentional,Blunt,
US,V20.59XA,MVT Motorcyclist,Unintentional,Blunt,
US,V20.91XA,"Pedal Cyclist, Other",Unintentional,Blunt,
US,V20.99XA,MVT Motorcyclist,Unintentional,Blunt,
US,V21.01XA,"Pedal Cyclist, Other",Unintentional,Blunt,
US,V21.09XA,MVT Other,Unintentional,Blunt,
US,V21.11XA,"Pedal Cyclist, Other",Unintentional,Blunt,
US,V21.19XA,MVT Other,Unintentional,Blunt,
US,V21.21XA,"Pedal Cyclist, Other",Unintentional,Blunt,
US,V21.29XA,MVT Other,Unintentional,Blunt,
US,V21.31XA,"Pedal Cyclist, Other",Unintentional,Blunt,
US,V21.39XA,MVT Motorcyclist,Unintentional,Blunt,
US,V21.41XA,"Pedal Cyclist, Other",Unintentional,Blunt,
US,V21.49XA,MVT Motorcyclist,Unintentional,Blunt,
US,V21.51XA,"Pedal Cyclist, Other",Unintentional,Blunt,
US,V21.59XA,MVT Motorcyclist,Unintentional,Blunt,
US,V21.91XA,"Pedal Cyclist, Other",Unintentional,Blunt,
US,V21.99XA,MVT Motorcyclist,Unintentional,Blunt,
US,V22.01XA,"Pedal Cyclist, Other",Unintentional,Blunt,
US,V22.09XA,MVT Other,Unintentional,Blunt,
US,V22.11XA,"Pedal Cyclist, Other",Unintentional,Blunt,
US,V22.19XA,MVT Other,Unintentional,Blunt,
US,V22.21XA,"Pedal Cyclist, Other",Unintentional,Blunt,
US,V22.29XA,MVT Other,Unintentional,Blunt,
US,V22.31XA,MVT Pedal Cyclist,Unintentional,Blunt,
US,V22.39XA,MVT Motorcyclist,Unintentional,Blunt,
US,V22.41XA,MVT Pedal Cyclist,Unintentional,Blunt,
US,V22.49XA,MVT Motorcyclist,Unintentional,Blunt,
US,V22.51XA,MVT Pedal Cyclist,Unintentional,Blunt,
US,V22.59XA,MVT Motorcyclist,Unintentional,Blunt,
US,V22.91XA,MVT Pedal Cyclist,Unintentional,Blunt,
US,V22.99XA,MVT Motorcyclist,Unintentional,Blunt,
US,V23.01XA,"Pedal Cyclist, Other",Unintentional,Blunt,
US,V23.09XA,MVT Other,Unintentional,Blunt,
US,V23.11XA,"Pedal Cyclist, Other",Unintentional,Blunt,
US,V23.19XA,MVT Other,Unintentional,Blunt,
US,V23.21XA,"Pedal Cyclist, Other",Unintentional,Blunt,
US,V23.29XA,MVT Other,Unintentional,Blunt,
US,V23.31XA,MVT Pedal Cyclist,Unintentional,Blunt,
US,V23.39XA,MVT Motorcyclist,Unintentional,Blunt,
US,V23.41XA,MVT Pedal Cyclist,Unintentional,Blunt,
US,V23.49XA,MVT Motorcyclist,Unintentional,Blunt,
US,V23.51XA,MVT Pedal Cyclist,Unintentional,Blunt,
US,V23.59XA,MVT Motorcyclist,Unintentional,Blunt,
US,V23.91XA,MVT Pedal Cyclist,Unintentional,Blunt,
US,V23.99XA,MVT Motorcyclist,Unintentional,Blunt,
US,V24.01XA,"Pedal Cyclist, Other",Unintentional,Blunt,
US,V24.09XA,MVT Other,Unintentional,Blunt,
US,V24.11XA,"Pedal Cyclist, Other",Unintentional,Blunt,
US,V24.19XA,MVT Other,Unintentional,Blunt,
US,V24.21XA,"Pedal Cyclist, Other",Unintentional,Blunt,
US,V24.29XA,MVT Other,Unintentional,Blunt,
US,V24.31XA,MVT Pedal Cyclist,Unintentional,Blunt,
US,V24.39XA,MVT Motorcyclist,Unintentional,Blunt,
US,V24.41XA,MVT Pedal Cyclist,Unintentional,Blunt,
US,V24.49XA,MVT Motorcyclist,Unintentional,Blunt,
US,V24.51XA,MVT Pedal Cyclist,Unintentional,Blunt,
US,V24.59XA,MVT Motorcyclist,Unintentional,Blunt,
US,V24.91XA,MVT Pedal Cyclist,Unintentional,Blunt,
US,V24.99XA,MVT Motorcyclist,Unintentional,Blunt,
US,V25.01XA,"Pedal Cyclist, Other",Unintentional,Blunt,
US,V25.09XA,MVT Other,Unintentional,Blunt,
US,V25.11XA,"Pedal Cyclist, Other",Unintentional,Blunt,
US,V25.19XA,MVT Other,Unintentional,Blunt,
US,V25.21XA,"Pedal Cyclist, Other",Unintentional,Blunt,
US,V25.29XA,MVT Other,Unintentional,Blunt,
US,V25.31XA,"Pedal Cyclist, Other",Unintentional,Blunt,
US,V25.39XA,MVT Motorcyclist,Unintentional,Blunt,
US,V25.41XA,"Pedal Cyclist, Other",Unintentional,Blunt,
US,V25.49XA,MVT Motorcyclist,Unintentional,Blunt,
US,V25.51XA,"Pedal Cyclist, Other",Unintentional,Blunt,
US,V25.59XA,MVT Motorcyclist,Unintentional,Blunt,
US,V25.91XA,"Pedal Cyclist, Other",Unintentional,Blunt,
US,V25.99XA,MVT Motorcyclist,Unintentional,Blunt,
US,V26.01XA,"Pedal Cyclist, Other",Unintentional,Blunt,
US,V26.09XA,MVT Other,Unintentional,Blunt,
US,V26.11XA,"Pedal Cyclist, Other",Unintentional,Blunt,
US,V26.19XA,MVT Other,Unintentional,Blunt,
US,V26.21XA,"Pedal Cyclist, Other",Unintentional,Blunt,
US,V26.29XA,MVT Other,Unintentional,Blunt,
US,V26.31XA,"Pedal Cyclist, Other",Unintentional,Blunt,
US,V26.39XA,MVT Motorcyclist,Unintentional,Blunt,
US,V26.41XA,"Pedal Cyclist, Other",Unintentional,Blunt,
US,V26.49XA,MVT Motorcyclist,Unintentional,Blunt,
US,V26.51XA,"Pedal Cyclist, Other",Unintentional,Blunt,
US,V26.59XA,MVT Motorcyclist,Unintentional,Blunt,
US,V26.91XA,"Pedal Cyclist, Other",Unintentional,Blunt,
US,V26.99XA,MVT Motorcyclist,Unintentional,Blunt,
US,V27.01XA,"Pedal Cyclist, Other",Unintentional,Blunt,
US,V27.09XA,MVT Other,Unintentional,Blunt,
US,V27.11XA,"Pedal Cyclist, Other",Unintentional,Blunt,
US,V27.19XA,MVT Other,Unintentional,Blunt,
US,V27.21XA,"Pedal Cyclist, Other",Unintentional,Blunt,
US,V27.29XA,MVT Other,Unintentional,Blunt,
US,V27.31XA,"Pedal Cyclist, Other",Unintentional,Blunt,
US,V27.39XA,MVT Motorcyclist,Unintentional,Blunt,
US,V27.41XA,"Pedal Cyclist, Other",Unintentional,Blunt,
US,V27.49XA,MVT Motorcyclist,Unintentional,Blunt,
US,V27.51XA,"Pedal Cyclist, Other",Unintentional,Blunt,
US,V27.59XA,MVT Motorcyclist,Unintentional,Blunt,
US,V27.91XA,"Pedal Cyclist, Other",Unintentional,Blunt,
US,V27.99XA,MVT Motorcyclist,Unintentional,Blunt,
US,V28.01XA,"Pedal Cyclist, Other",Unintentional,Blunt,
US,V28.09XA,MVT Other,Unintentional,Blunt,
US,V28.11XA,"Pedal Cyclist, Other",Unintentional,Blunt,
US,V28.19XA,MVT Other,Unintentional,Blunt,
US,V28.21XA,"Pedal Cyclist, Other",Unintentional,Blunt,
US,V28.29XA,MVT Other,Unintentional,Blunt,
US,V28.31XA,"Pedal Cyclist, Other",Unintentional,Blunt,
US,V28.39XA,MVT Motorcyclist,Unintentional,Blunt,
US,V28.41XA,"Pedal Cyclist, Other",Unintentional,Blunt,
US,V28.49XA,MVT Motorcyclist,Unintentional,Blunt,
US,V28.51XA,"Pedal Cyclist, Other",Unintentional,Blunt,
US,V28.59XA,MVT Motorcyclist,Unintentional,Blunt,
US,V28.91XA,"Pedal Cyclist, Other",Unintentional,Blunt,
US,V28.99XA,MVT Motorcyclist,Unintentional,Blunt,
US,V29.001A,"Pedal Cyclist, Other",Unintentional,Blunt,
US,V29.008A,MVT Other,Unintentional,Blunt,
US,V29.091A,"Pedal Cyclist, Other",Unintentional,Blunt,
US,V29.098A,MVT Other,Unintentional,Blunt,
US,V29.101A,"Pedal Cyclist, Other",Unintentional,Blunt,
US,V29.108A,MVT Other,Unintentional,Blunt,
US,V29.191A,"Pedal Cyclist, Other",Unintentional,Blunt,
US,V29.198A,MVT Other,Unintentional,Blunt,
US,V29.201A,"Pedal Cyclist, Other",Unintentional,Blunt,
US,V29.208A,MVT Other,Unintentional,Blunt,
US,V29.291A,"Pedal Cyclist, Other",Unintentional,Blunt,
US,V29.298A,MVT Other,Unintentional,Blunt,
US,V29.31XA,"Pedal Cyclist, Other",Unintentional,Blunt,
US,V29.39XA,MVT Other,Unintentional,Blunt,
US,V29.401A,MVT Pedal Cyclist,Unintentional,Blunt,
US,V29.408A,MVT Motorcyclist,Unintentional,Blunt,
US,V29.491A,MVT Pedal Cyclist,Unintentional,Blunt,
US,V29.498A,MVT Motorcyclist,Unintentional,Blunt,
US,V29.501A,MVT Pedal Cyclist,Unintentional,Blunt,
US,V29.508A,MVT Motorcyclist,Unintentional,Blunt,
US,V29.591A,MVT Pedal Cyclist,Unintentional,Blunt,
US,V29.598A,MVT Motorcyclist,Unintentional,Blunt,
US,V29.601A,MVT Pedal Cyclist,Unintentional,Blunt,
US,V29.608A,MVT Motorcyclist,Unintentional,Blunt,
US,V29.691A,MVT Pedal Cyclist,Unintentional,Blunt,
US,V29.698A,MVT Motorcyclist,Unintentional,Blunt,
US,V29.811A,"Pedal Cyclist, Other",Unintentional,Blunt,
US,V29.818A,MVT Motorcyclist,Unintentional,Blunt,
US,V29.881A,"Pedal Cyclist, Other",Unintentional,Blunt,
US,V29.888A,MVT Motorcyclist,Unintentional,Blunt,
US,V29.91XA,MVT Pedal Cyclist,Unintentional,Blunt,
US,V29.99XA,MVT Motorcyclist,Unintentional,Blunt,
CA,Y356,Other Specified and Classifiable,Other,Blunt,
